SET session_replication_role = replica;

--
-- PostgreSQL database dump
--

-- \restrict kSD3aLC2KfNy2uX0jOgHTvcnTT8A3HHnBhvr2epjoYryjqOR65AuOSbsFfHNrR5

-- Dumped from database version 17.6
-- Dumped by pg_dump version 17.6

SET statement_timeout = 0;
SET lock_timeout = 0;
SET idle_in_transaction_session_timeout = 0;
SET transaction_timeout = 0;
SET client_encoding = 'UTF8';
SET standard_conforming_strings = on;
SELECT pg_catalog.set_config('search_path', '', false);
SET check_function_bodies = false;
SET xmloption = content;
SET client_min_messages = warning;
SET row_security = off;

--
-- Data for Name: audit_log_entries; Type: TABLE DATA; Schema: auth; Owner: supabase_auth_admin
--

INSERT INTO "auth"."audit_log_entries" ("instance_id", "id", "payload", "created_at", "ip_address") VALUES
	('00000000-0000-0000-0000-000000000000', '4b5799c8-ec19-40a4-9bba-8dd03c6eeaba', '{"action":"user_signedup","actor_id":"0b3b5902-bc9d-4245-a36f-bf0b80b418e1","actor_name":"Alexandre Duque de Almeida","actor_username":"alexandre.duque@gmail.com","actor_via_sso":false,"log_type":"team","traits":{"provider":"email"}}', '2026-06-24 15:39:34.433838+00', ''),
	('00000000-0000-0000-0000-000000000000', '51d4a756-3c06-470c-a197-822fa2da2d15', '{"action":"login","actor_id":"0b3b5902-bc9d-4245-a36f-bf0b80b418e1","actor_name":"Alexandre Duque de Almeida","actor_username":"alexandre.duque@gmail.com","actor_via_sso":false,"log_type":"account","traits":{"provider":"email"}}', '2026-06-24 15:39:34.455398+00', ''),
	('00000000-0000-0000-0000-000000000000', '57202843-8d70-451d-92ef-3511c72572e8', '{"action":"login","actor_id":"0b3b5902-bc9d-4245-a36f-bf0b80b418e1","actor_name":"Alexandre Duque de Almeida","actor_username":"alexandre.duque@gmail.com","actor_via_sso":false,"log_type":"account","traits":{"provider":"email"}}', '2026-06-24 15:39:40.298569+00', ''),
	('00000000-0000-0000-0000-000000000000', '54479ff4-25f3-4522-a0ad-8f8787f19934', '{"action":"logout","actor_id":"0b3b5902-bc9d-4245-a36f-bf0b80b418e1","actor_name":"Alexandre Duque de Almeida","actor_username":"alexandre.duque@gmail.com","actor_via_sso":false,"log_type":"account"}', '2026-06-24 15:42:05.466194+00', ''),
	('00000000-0000-0000-0000-000000000000', '93c667ca-db19-48e4-b000-7742e8bb7363', '{"action":"login","actor_id":"0b3b5902-bc9d-4245-a36f-bf0b80b418e1","actor_name":"Alexandre Duque de Almeida","actor_username":"alexandre.duque@gmail.com","actor_via_sso":false,"log_type":"account","traits":{"provider":"email"}}', '2026-06-24 15:42:18.076468+00', ''),
	('00000000-0000-0000-0000-000000000000', '690e0492-2991-4d7d-b888-d222a5cf4ba0', '{"action":"logout","actor_id":"0b3b5902-bc9d-4245-a36f-bf0b80b418e1","actor_name":"Alexandre Duque de Almeida","actor_username":"alexandre.duque@gmail.com","actor_via_sso":false,"log_type":"account"}', '2026-06-24 15:45:46.863212+00', ''),
	('00000000-0000-0000-0000-000000000000', '65bed442-2090-41d9-bf4d-0a2e2fa958d3', '{"action":"user_signedup","actor_id":"41cf18bd-a62d-49d5-b042-eb22b8401523","actor_name":"Kelly Cerqueira Almeida","actor_username":"kellyfranster@gmail.com","actor_via_sso":false,"log_type":"team","traits":{"provider":"email"}}', '2026-06-24 15:46:23.733603+00', ''),
	('00000000-0000-0000-0000-000000000000', 'c39ccfad-5fd3-4bac-b930-893b6d3ac865', '{"action":"login","actor_id":"41cf18bd-a62d-49d5-b042-eb22b8401523","actor_name":"Kelly Cerqueira Almeida","actor_username":"kellyfranster@gmail.com","actor_via_sso":false,"log_type":"account","traits":{"provider":"email"}}', '2026-06-24 15:46:23.753299+00', ''),
	('00000000-0000-0000-0000-000000000000', '785086cb-a888-44e1-90cb-4732f8c85906', '{"action":"login","actor_id":"41cf18bd-a62d-49d5-b042-eb22b8401523","actor_name":"Kelly Cerqueira Almeida","actor_username":"kellyfranster@gmail.com","actor_via_sso":false,"log_type":"account","traits":{"provider":"email"}}', '2026-06-24 15:46:27.858923+00', ''),
	('00000000-0000-0000-0000-000000000000', 'fbfd787c-8ce8-4cd9-a85a-72e079629db9', '{"action":"logout","actor_id":"41cf18bd-a62d-49d5-b042-eb22b8401523","actor_name":"Kelly Cerqueira Almeida","actor_username":"kellyfranster@gmail.com","actor_via_sso":false,"log_type":"account"}', '2026-06-24 15:46:45.38784+00', ''),
	('00000000-0000-0000-0000-000000000000', '9e4a0b3a-d0e4-4ffe-81b3-c4e2d7ec3d87', '{"action":"login","actor_id":"0b3b5902-bc9d-4245-a36f-bf0b80b418e1","actor_name":"Alexandre Duque de Almeida","actor_username":"alexandre.duque@gmail.com","actor_via_sso":false,"log_type":"account","traits":{"provider":"email"}}', '2026-06-24 15:47:12.090091+00', ''),
	('00000000-0000-0000-0000-000000000000', '3eec33b0-7243-486c-bd64-8f2924822a46', '{"action":"logout","actor_id":"0b3b5902-bc9d-4245-a36f-bf0b80b418e1","actor_name":"Alexandre Duque de Almeida","actor_username":"alexandre.duque@gmail.com","actor_via_sso":false,"log_type":"account"}', '2026-06-24 15:54:36.965452+00', ''),
	('00000000-0000-0000-0000-000000000000', '080ee9aa-c74f-4298-9ca0-b5a1eb6d9c39', '{"action":"login","actor_id":"0b3b5902-bc9d-4245-a36f-bf0b80b418e1","actor_name":"Alexandre Duque de Almeida","actor_username":"alexandre.duque@gmail.com","actor_via_sso":false,"log_type":"account","traits":{"provider":"email"}}', '2026-06-24 15:54:47.207676+00', ''),
	('00000000-0000-0000-0000-000000000000', 'e8ccb17a-6464-4aa9-9e9d-77ef8c86aba1', '{"action":"login","actor_id":"0b3b5902-bc9d-4245-a36f-bf0b80b418e1","actor_name":"Alexandre Duque de Almeida","actor_username":"alexandre.duque@gmail.com","actor_via_sso":false,"log_type":"account","traits":{"provider":"email"}}', '2026-06-24 16:24:03.466823+00', ''),
	('00000000-0000-0000-0000-000000000000', '312378ba-1d08-4187-a943-9dcf139aed83', '{"action":"login","actor_id":"0b3b5902-bc9d-4245-a36f-bf0b80b418e1","actor_name":"Alexandre Duque de Almeida","actor_username":"alexandre.duque@gmail.com","actor_via_sso":false,"log_type":"account","traits":{"provider":"email"}}', '2026-06-24 17:00:18.753722+00', ''),
	('00000000-0000-0000-0000-000000000000', 'c4649cb6-9a84-4e28-bf23-0c7781717169', '{"action":"token_refreshed","actor_id":"0b3b5902-bc9d-4245-a36f-bf0b80b418e1","actor_name":"Alexandre Duque de Almeida","actor_username":"alexandre.duque@gmail.com","actor_via_sso":false,"log_type":"token"}', '2026-06-24 17:58:45.0891+00', ''),
	('00000000-0000-0000-0000-000000000000', '7fed6924-ed3e-450f-bf73-ab7ebab7965a', '{"action":"token_revoked","actor_id":"0b3b5902-bc9d-4245-a36f-bf0b80b418e1","actor_name":"Alexandre Duque de Almeida","actor_username":"alexandre.duque@gmail.com","actor_via_sso":false,"log_type":"token"}', '2026-06-24 17:58:45.089921+00', ''),
	('00000000-0000-0000-0000-000000000000', 'ed974ae8-701a-4a0a-a5e9-ac39245fe542', '{"action":"token_refreshed","actor_id":"0b3b5902-bc9d-4245-a36f-bf0b80b418e1","actor_name":"Alexandre Duque de Almeida","actor_username":"alexandre.duque@gmail.com","actor_via_sso":false,"log_type":"token"}', '2026-06-24 18:17:53.54465+00', ''),
	('00000000-0000-0000-0000-000000000000', 'c762ce3a-81aa-4652-933d-74af476a6854', '{"action":"token_revoked","actor_id":"0b3b5902-bc9d-4245-a36f-bf0b80b418e1","actor_name":"Alexandre Duque de Almeida","actor_username":"alexandre.duque@gmail.com","actor_via_sso":false,"log_type":"token"}', '2026-06-24 18:17:53.545467+00', ''),
	('00000000-0000-0000-0000-000000000000', '8d7fc8aa-fb29-490c-b276-3ceff3f05ac1', '{"action":"token_refreshed","actor_id":"0b3b5902-bc9d-4245-a36f-bf0b80b418e1","actor_name":"Alexandre Duque de Almeida","actor_username":"alexandre.duque@gmail.com","actor_via_sso":false,"log_type":"token"}', '2026-06-24 18:56:52.36551+00', ''),
	('00000000-0000-0000-0000-000000000000', 'f9781f7b-b711-45c6-bef5-0351d7033244', '{"action":"token_revoked","actor_id":"0b3b5902-bc9d-4245-a36f-bf0b80b418e1","actor_name":"Alexandre Duque de Almeida","actor_username":"alexandre.duque@gmail.com","actor_via_sso":false,"log_type":"token"}', '2026-06-24 18:56:52.366515+00', ''),
	('00000000-0000-0000-0000-000000000000', '45ec50fe-eda5-4e41-bb82-f91e04159f80', '{"action":"token_refreshed","actor_id":"0b3b5902-bc9d-4245-a36f-bf0b80b418e1","actor_name":"Alexandre Duque de Almeida","actor_username":"alexandre.duque@gmail.com","actor_via_sso":false,"log_type":"token"}', '2026-06-24 19:37:34.792764+00', ''),
	('00000000-0000-0000-0000-000000000000', '774c2637-5141-4af1-9fcd-74578acca617', '{"action":"token_revoked","actor_id":"0b3b5902-bc9d-4245-a36f-bf0b80b418e1","actor_name":"Alexandre Duque de Almeida","actor_username":"alexandre.duque@gmail.com","actor_via_sso":false,"log_type":"token"}', '2026-06-24 19:37:34.794121+00', ''),
	('00000000-0000-0000-0000-000000000000', 'bb4700a5-39ff-4479-be06-a5ad2cc12fc3', '{"action":"token_refreshed","actor_id":"0b3b5902-bc9d-4245-a36f-bf0b80b418e1","actor_name":"Alexandre Duque de Almeida","actor_username":"alexandre.duque@gmail.com","actor_via_sso":false,"log_type":"token"}', '2026-06-24 19:57:03.67173+00', ''),
	('00000000-0000-0000-0000-000000000000', '7c065fa2-d1a6-49b5-8f75-d78518b4f33f', '{"action":"token_revoked","actor_id":"0b3b5902-bc9d-4245-a36f-bf0b80b418e1","actor_name":"Alexandre Duque de Almeida","actor_username":"alexandre.duque@gmail.com","actor_via_sso":false,"log_type":"token"}', '2026-06-24 19:57:03.672892+00', ''),
	('00000000-0000-0000-0000-000000000000', 'e8bed2ad-bc9b-4865-baa6-8014f27e5699', '{"action":"token_refreshed","actor_id":"0b3b5902-bc9d-4245-a36f-bf0b80b418e1","actor_name":"Alexandre Duque de Almeida","actor_username":"alexandre.duque@gmail.com","actor_via_sso":false,"log_type":"token"}', '2026-06-24 20:55:22.606846+00', ''),
	('00000000-0000-0000-0000-000000000000', 'c6dcb35c-edca-4957-bfb4-410ee4f68aa6', '{"action":"token_revoked","actor_id":"0b3b5902-bc9d-4245-a36f-bf0b80b418e1","actor_name":"Alexandre Duque de Almeida","actor_username":"alexandre.duque@gmail.com","actor_via_sso":false,"log_type":"token"}', '2026-06-24 20:55:22.607993+00', ''),
	('00000000-0000-0000-0000-000000000000', '87b17db7-f317-40cb-bdfb-3c257cfd53f6', '{"action":"token_refreshed","actor_id":"0b3b5902-bc9d-4245-a36f-bf0b80b418e1","actor_name":"Alexandre Duque de Almeida","actor_username":"alexandre.duque@gmail.com","actor_via_sso":false,"log_type":"token"}', '2026-06-24 21:02:50.316736+00', ''),
	('00000000-0000-0000-0000-000000000000', '68bf2a55-bbfb-4a93-9e55-80a51294f6c1', '{"action":"token_revoked","actor_id":"0b3b5902-bc9d-4245-a36f-bf0b80b418e1","actor_name":"Alexandre Duque de Almeida","actor_username":"alexandre.duque@gmail.com","actor_via_sso":false,"log_type":"token"}', '2026-06-24 21:02:50.317794+00', ''),
	('00000000-0000-0000-0000-000000000000', '1212ceed-ea9e-46d1-87a2-cc451146a694', '{"action":"logout","actor_id":"0b3b5902-bc9d-4245-a36f-bf0b80b418e1","actor_name":"Alexandre Duque de Almeida","actor_username":"alexandre.duque@gmail.com","actor_via_sso":false,"log_type":"account"}', '2026-06-24 21:02:52.213964+00', ''),
	('00000000-0000-0000-0000-000000000000', 'ae1d12a1-87b8-4924-a42f-2b579fefe465', '{"action":"login","actor_id":"41cf18bd-a62d-49d5-b042-eb22b8401523","actor_name":"Kelly Cerqueira Almeida","actor_username":"kellyfranster@gmail.com","actor_via_sso":false,"log_type":"account","traits":{"provider":"email"}}', '2026-06-24 21:03:09.153659+00', ''),
	('00000000-0000-0000-0000-000000000000', 'eb85c611-5370-4c9f-8863-9f0506c2c61b', '{"action":"logout","actor_id":"41cf18bd-a62d-49d5-b042-eb22b8401523","actor_name":"Kelly Cerqueira Almeida","actor_username":"kellyfranster@gmail.com","actor_via_sso":false,"log_type":"account"}', '2026-06-24 21:04:06.392189+00', ''),
	('00000000-0000-0000-0000-000000000000', '87fedc82-0e68-46e0-9edf-cb58c1467d0d', '{"action":"login","actor_id":"0b3b5902-bc9d-4245-a36f-bf0b80b418e1","actor_name":"Alexandre Duque de Almeida","actor_username":"alexandre.duque@gmail.com","actor_via_sso":false,"log_type":"account","traits":{"provider":"email"}}', '2026-06-24 21:04:16.83693+00', ''),
	('00000000-0000-0000-0000-000000000000', '47839577-6e02-4160-acb2-78326ac5045a', '{"action":"login","actor_id":"0b3b5902-bc9d-4245-a36f-bf0b80b418e1","actor_name":"Alexandre Duque de Almeida","actor_username":"alexandre.duque@gmail.com","actor_via_sso":false,"log_type":"account","traits":{"provider":"email"}}', '2026-06-24 21:05:56.430754+00', ''),
	('00000000-0000-0000-0000-000000000000', '762dd038-a88c-4d18-8aac-ef2cb3239d87', '{"action":"token_refreshed","actor_id":"0b3b5902-bc9d-4245-a36f-bf0b80b418e1","actor_name":"Alexandre Duque de Almeida","actor_username":"alexandre.duque@gmail.com","actor_via_sso":false,"log_type":"token"}', '2026-06-24 22:04:08.113475+00', ''),
	('00000000-0000-0000-0000-000000000000', '17ae73c5-72ba-455c-bda9-bc5a97ee1e9a', '{"action":"token_revoked","actor_id":"0b3b5902-bc9d-4245-a36f-bf0b80b418e1","actor_name":"Alexandre Duque de Almeida","actor_username":"alexandre.duque@gmail.com","actor_via_sso":false,"log_type":"token"}', '2026-06-24 22:04:08.114491+00', ''),
	('00000000-0000-0000-0000-000000000000', 'af8072ae-57b2-41ec-b0bf-33262256d6e7', '{"action":"token_refreshed","actor_id":"0b3b5902-bc9d-4245-a36f-bf0b80b418e1","actor_name":"Alexandre Duque de Almeida","actor_username":"alexandre.duque@gmail.com","actor_via_sso":false,"log_type":"token"}', '2026-06-24 23:02:38.217237+00', ''),
	('00000000-0000-0000-0000-000000000000', '4eba7d0b-12e6-42f6-b905-7af43b6c17c3', '{"action":"token_revoked","actor_id":"0b3b5902-bc9d-4245-a36f-bf0b80b418e1","actor_name":"Alexandre Duque de Almeida","actor_username":"alexandre.duque@gmail.com","actor_via_sso":false,"log_type":"token"}', '2026-06-24 23:02:38.218099+00', ''),
	('00000000-0000-0000-0000-000000000000', 'e3f9d1f2-aea0-4658-96b0-7858ac71c22e', '{"action":"token_refreshed","actor_id":"0b3b5902-bc9d-4245-a36f-bf0b80b418e1","actor_name":"Alexandre Duque de Almeida","actor_username":"alexandre.duque@gmail.com","actor_via_sso":false,"log_type":"token"}', '2026-06-25 00:01:08.298909+00', ''),
	('00000000-0000-0000-0000-000000000000', 'b4bfe15a-cd94-4611-95c0-43b1c908d907', '{"action":"token_revoked","actor_id":"0b3b5902-bc9d-4245-a36f-bf0b80b418e1","actor_name":"Alexandre Duque de Almeida","actor_username":"alexandre.duque@gmail.com","actor_via_sso":false,"log_type":"token"}', '2026-06-25 00:01:08.299999+00', ''),
	('00000000-0000-0000-0000-000000000000', '6185337e-b7aa-4279-9d58-b2e56449b913', '{"action":"token_refreshed","actor_id":"0b3b5902-bc9d-4245-a36f-bf0b80b418e1","actor_name":"Alexandre Duque de Almeida","actor_username":"alexandre.duque@gmail.com","actor_via_sso":false,"log_type":"token"}', '2026-06-25 00:21:34.095789+00', ''),
	('00000000-0000-0000-0000-000000000000', '0fb86a28-8971-4a59-9ee6-336480db4c04', '{"action":"token_revoked","actor_id":"0b3b5902-bc9d-4245-a36f-bf0b80b418e1","actor_name":"Alexandre Duque de Almeida","actor_username":"alexandre.duque@gmail.com","actor_via_sso":false,"log_type":"token"}', '2026-06-25 00:21:34.096763+00', ''),
	('00000000-0000-0000-0000-000000000000', '148a9a30-ba4e-471e-9e7a-ab415b95da0b', '{"action":"token_refreshed","actor_id":"0b3b5902-bc9d-4245-a36f-bf0b80b418e1","actor_name":"Alexandre Duque de Almeida","actor_username":"alexandre.duque@gmail.com","actor_via_sso":false,"log_type":"token"}', '2026-06-25 00:59:33.27485+00', ''),
	('00000000-0000-0000-0000-000000000000', '1f794612-25a3-4442-aaea-7d4fbae45871', '{"action":"token_revoked","actor_id":"0b3b5902-bc9d-4245-a36f-bf0b80b418e1","actor_name":"Alexandre Duque de Almeida","actor_username":"alexandre.duque@gmail.com","actor_via_sso":false,"log_type":"token"}', '2026-06-25 00:59:33.275883+00', ''),
	('00000000-0000-0000-0000-000000000000', '255c86e8-c53e-4378-868b-5b7cf8218f0e', '{"action":"token_refreshed","actor_id":"0b3b5902-bc9d-4245-a36f-bf0b80b418e1","actor_name":"Alexandre Duque de Almeida","actor_username":"alexandre.duque@gmail.com","actor_via_sso":false,"log_type":"token"}', '2026-06-25 11:38:02.02693+00', ''),
	('00000000-0000-0000-0000-000000000000', '96a3a91c-47f3-4f53-a5bf-5b4df70b76f7', '{"action":"token_revoked","actor_id":"0b3b5902-bc9d-4245-a36f-bf0b80b418e1","actor_name":"Alexandre Duque de Almeida","actor_username":"alexandre.duque@gmail.com","actor_via_sso":false,"log_type":"token"}', '2026-06-25 11:38:02.027658+00', ''),
	('00000000-0000-0000-0000-000000000000', 'c45dac77-0099-4006-9a9e-a04ab925a096', '{"action":"token_refreshed","actor_id":"0b3b5902-bc9d-4245-a36f-bf0b80b418e1","actor_name":"Alexandre Duque de Almeida","actor_username":"alexandre.duque@gmail.com","actor_via_sso":false,"log_type":"token"}', '2026-06-25 11:39:32.682985+00', ''),
	('00000000-0000-0000-0000-000000000000', '4fbb6b06-5eb0-46a0-b452-53e5083b850f', '{"action":"token_revoked","actor_id":"0b3b5902-bc9d-4245-a36f-bf0b80b418e1","actor_name":"Alexandre Duque de Almeida","actor_username":"alexandre.duque@gmail.com","actor_via_sso":false,"log_type":"token"}', '2026-06-25 11:39:32.683782+00', ''),
	('00000000-0000-0000-0000-000000000000', '77895252-2393-4613-bcfa-e3f50df5686f', '{"action":"token_refreshed","actor_id":"0b3b5902-bc9d-4245-a36f-bf0b80b418e1","actor_name":"Alexandre Duque de Almeida","actor_username":"alexandre.duque@gmail.com","actor_via_sso":false,"log_type":"token"}', '2026-06-25 12:37:44.409256+00', ''),
	('00000000-0000-0000-0000-000000000000', '223bbd66-e931-4572-8b66-0881ea420006', '{"action":"token_revoked","actor_id":"0b3b5902-bc9d-4245-a36f-bf0b80b418e1","actor_name":"Alexandre Duque de Almeida","actor_username":"alexandre.duque@gmail.com","actor_via_sso":false,"log_type":"token"}', '2026-06-25 12:37:44.409964+00', ''),
	('00000000-0000-0000-0000-000000000000', '0a6ea33f-9213-47f1-a22f-23f481b041e8', '{"action":"token_refreshed","actor_id":"0b3b5902-bc9d-4245-a36f-bf0b80b418e1","actor_name":"Alexandre Duque de Almeida","actor_username":"alexandre.duque@gmail.com","actor_via_sso":false,"log_type":"token"}', '2026-06-25 13:35:56.202717+00', ''),
	('00000000-0000-0000-0000-000000000000', '9f8b1e9c-ae22-4889-8313-2279f7d41b23', '{"action":"token_revoked","actor_id":"0b3b5902-bc9d-4245-a36f-bf0b80b418e1","actor_name":"Alexandre Duque de Almeida","actor_username":"alexandre.duque@gmail.com","actor_via_sso":false,"log_type":"token"}', '2026-06-25 13:35:56.203495+00', ''),
	('00000000-0000-0000-0000-000000000000', '8503f5f2-b242-4166-9b13-0fc28b7752cc', '{"action":"token_refreshed","actor_id":"0b3b5902-bc9d-4245-a36f-bf0b80b418e1","actor_name":"Alexandre Duque de Almeida","actor_username":"alexandre.duque@gmail.com","actor_via_sso":false,"log_type":"token"}', '2026-06-25 13:51:51.91861+00', ''),
	('00000000-0000-0000-0000-000000000000', '99f4dcba-1c16-43dd-8bc2-4d99151ddf09', '{"action":"token_revoked","actor_id":"0b3b5902-bc9d-4245-a36f-bf0b80b418e1","actor_name":"Alexandre Duque de Almeida","actor_username":"alexandre.duque@gmail.com","actor_via_sso":false,"log_type":"token"}', '2026-06-25 13:51:51.919422+00', ''),
	('00000000-0000-0000-0000-000000000000', '6a9d52d5-26f6-4a75-8b17-baf76d600302', '{"action":"token_refreshed","actor_id":"0b3b5902-bc9d-4245-a36f-bf0b80b418e1","actor_name":"Alexandre Duque de Almeida","actor_username":"alexandre.duque@gmail.com","actor_via_sso":false,"log_type":"token"}', '2026-06-25 14:34:03.211612+00', ''),
	('00000000-0000-0000-0000-000000000000', '6053425e-ac6b-4420-b1ba-bc0e295735e7', '{"action":"token_revoked","actor_id":"0b3b5902-bc9d-4245-a36f-bf0b80b418e1","actor_name":"Alexandre Duque de Almeida","actor_username":"alexandre.duque@gmail.com","actor_via_sso":false,"log_type":"token"}', '2026-06-25 14:34:03.21251+00', ''),
	('00000000-0000-0000-0000-000000000000', '09825325-6a8e-45f5-9399-f025c3077421', '{"action":"token_refreshed","actor_id":"0b3b5902-bc9d-4245-a36f-bf0b80b418e1","actor_name":"Alexandre Duque de Almeida","actor_username":"alexandre.duque@gmail.com","actor_via_sso":false,"log_type":"token"}', '2026-06-25 14:34:03.290493+00', ''),
	('00000000-0000-0000-0000-000000000000', 'd6112719-a604-4251-9b5c-c41694019458', '{"action":"token_refreshed","actor_id":"0b3b5902-bc9d-4245-a36f-bf0b80b418e1","actor_name":"Alexandre Duque de Almeida","actor_username":"alexandre.duque@gmail.com","actor_via_sso":false,"log_type":"token"}', '2026-06-25 15:29:02.481157+00', ''),
	('00000000-0000-0000-0000-000000000000', '13a691e3-ffb4-4802-a273-7b97801d9da5', '{"action":"token_revoked","actor_id":"0b3b5902-bc9d-4245-a36f-bf0b80b418e1","actor_name":"Alexandre Duque de Almeida","actor_username":"alexandre.duque@gmail.com","actor_via_sso":false,"log_type":"token"}', '2026-06-25 15:29:02.481992+00', ''),
	('00000000-0000-0000-0000-000000000000', '9dfe384a-ea6c-4724-ac69-48b7548638d2', '{"action":"token_refreshed","actor_id":"0b3b5902-bc9d-4245-a36f-bf0b80b418e1","actor_name":"Alexandre Duque de Almeida","actor_username":"alexandre.duque@gmail.com","actor_via_sso":false,"log_type":"token"}', '2026-06-25 15:32:33.286725+00', ''),
	('00000000-0000-0000-0000-000000000000', '114f8fcd-468e-4d1b-836e-ad5668442a6f', '{"action":"token_revoked","actor_id":"0b3b5902-bc9d-4245-a36f-bf0b80b418e1","actor_name":"Alexandre Duque de Almeida","actor_username":"alexandre.duque@gmail.com","actor_via_sso":false,"log_type":"token"}', '2026-06-25 15:32:33.287424+00', ''),
	('00000000-0000-0000-0000-000000000000', '2ecf681d-ab82-4b29-941e-3b4ce111fd8f', '{"action":"token_refreshed","actor_id":"0b3b5902-bc9d-4245-a36f-bf0b80b418e1","actor_name":"Alexandre Duque de Almeida","actor_username":"alexandre.duque@gmail.com","actor_via_sso":false,"log_type":"token"}', '2026-06-25 15:32:33.378263+00', ''),
	('00000000-0000-0000-0000-000000000000', '07dba710-51a5-46bc-bb09-e43ff243a2f5', '{"action":"token_refreshed","actor_id":"0b3b5902-bc9d-4245-a36f-bf0b80b418e1","actor_name":"Alexandre Duque de Almeida","actor_username":"alexandre.duque@gmail.com","actor_via_sso":false,"log_type":"token"}', '2026-06-25 16:31:03.27851+00', ''),
	('00000000-0000-0000-0000-000000000000', '3c4642d1-2292-41cb-9b7e-2ac8c8255087', '{"action":"token_revoked","actor_id":"0b3b5902-bc9d-4245-a36f-bf0b80b418e1","actor_name":"Alexandre Duque de Almeida","actor_username":"alexandre.duque@gmail.com","actor_via_sso":false,"log_type":"token"}', '2026-06-25 16:31:03.279325+00', ''),
	('00000000-0000-0000-0000-000000000000', '9331d43c-a93e-42ce-8318-33200f6f03c7', '{"action":"token_refreshed","actor_id":"0b3b5902-bc9d-4245-a36f-bf0b80b418e1","actor_name":"Alexandre Duque de Almeida","actor_username":"alexandre.duque@gmail.com","actor_via_sso":false,"log_type":"token"}', '2026-06-25 16:31:03.302325+00', ''),
	('00000000-0000-0000-0000-000000000000', '99a84f01-2982-4d72-901a-8b2db6ee189d', '{"action":"token_refreshed","actor_id":"0b3b5902-bc9d-4245-a36f-bf0b80b418e1","actor_name":"Alexandre Duque de Almeida","actor_username":"alexandre.duque@gmail.com","actor_via_sso":false,"log_type":"token"}', '2026-06-25 17:29:33.30229+00', ''),
	('00000000-0000-0000-0000-000000000000', 'd139d695-11d1-4e1e-99b6-81577dc9c8ab', '{"action":"token_revoked","actor_id":"0b3b5902-bc9d-4245-a36f-bf0b80b418e1","actor_name":"Alexandre Duque de Almeida","actor_username":"alexandre.duque@gmail.com","actor_via_sso":false,"log_type":"token"}', '2026-06-25 17:29:33.30298+00', ''),
	('00000000-0000-0000-0000-000000000000', 'f32a6e8b-292e-42e7-85be-72ef5e1b84ce', '{"action":"token_refreshed","actor_id":"0b3b5902-bc9d-4245-a36f-bf0b80b418e1","actor_name":"Alexandre Duque de Almeida","actor_username":"alexandre.duque@gmail.com","actor_via_sso":false,"log_type":"token"}', '2026-06-25 17:29:33.38388+00', ''),
	('00000000-0000-0000-0000-000000000000', '9a5eb795-1be8-4109-8636-6db6720a4e70', '{"action":"token_refreshed","actor_id":"0b3b5902-bc9d-4245-a36f-bf0b80b418e1","actor_name":"Alexandre Duque de Almeida","actor_username":"alexandre.duque@gmail.com","actor_via_sso":false,"log_type":"token"}', '2026-06-25 18:12:29.34191+00', ''),
	('00000000-0000-0000-0000-000000000000', '879e970c-3ca7-41bb-ae69-bfd90ffceeeb', '{"action":"token_revoked","actor_id":"0b3b5902-bc9d-4245-a36f-bf0b80b418e1","actor_name":"Alexandre Duque de Almeida","actor_username":"alexandre.duque@gmail.com","actor_via_sso":false,"log_type":"token"}', '2026-06-25 18:12:29.342573+00', ''),
	('00000000-0000-0000-0000-000000000000', '5c377ff8-e66e-4d75-a640-de47e7729401', '{"action":"token_refreshed","actor_id":"0b3b5902-bc9d-4245-a36f-bf0b80b418e1","actor_name":"Alexandre Duque de Almeida","actor_username":"alexandre.duque@gmail.com","actor_via_sso":false,"log_type":"token"}', '2026-06-25 18:27:51.327708+00', ''),
	('00000000-0000-0000-0000-000000000000', 'd282438c-e03b-43dc-b3e5-6fa28485fe0a', '{"action":"token_revoked","actor_id":"0b3b5902-bc9d-4245-a36f-bf0b80b418e1","actor_name":"Alexandre Duque de Almeida","actor_username":"alexandre.duque@gmail.com","actor_via_sso":false,"log_type":"token"}', '2026-06-25 18:27:51.328757+00', ''),
	('00000000-0000-0000-0000-000000000000', 'ecb693c2-578f-4225-a93f-a951d1bddd4d', '{"action":"logout","actor_id":"0b3b5902-bc9d-4245-a36f-bf0b80b418e1","actor_name":"Alexandre Duque de Almeida","actor_username":"alexandre.duque@gmail.com","actor_via_sso":false,"log_type":"account"}', '2026-06-25 18:44:16.762553+00', ''),
	('00000000-0000-0000-0000-000000000000', '23e82574-a47e-4ce3-87b5-ae4cb0c94b60', '{"action":"login","actor_id":"41cf18bd-a62d-49d5-b042-eb22b8401523","actor_name":"Kelly Cerqueira Almeida","actor_username":"kellyfranster@gmail.com","actor_via_sso":false,"log_type":"account","traits":{"provider":"email"}}', '2026-06-25 18:44:20.261479+00', ''),
	('00000000-0000-0000-0000-000000000000', '1ced3861-7db2-430b-af33-97f925a22395', '{"action":"login","actor_id":"41cf18bd-a62d-49d5-b042-eb22b8401523","actor_name":"Kelly Cerqueira Almeida","actor_username":"kellyfranster@gmail.com","actor_via_sso":false,"log_type":"account","traits":{"provider":"email"}}', '2026-06-25 18:44:45.500339+00', ''),
	('00000000-0000-0000-0000-000000000000', '81196d90-6124-4f8e-8519-29b6d7c2be37', '{"action":"logout","actor_id":"41cf18bd-a62d-49d5-b042-eb22b8401523","actor_name":"Kelly Cerqueira Almeida","actor_username":"kellyfranster@gmail.com","actor_via_sso":false,"log_type":"account"}', '2026-06-25 18:46:29.605907+00', ''),
	('00000000-0000-0000-0000-000000000000', '54b70b34-a68f-4393-a268-d97b6d7d9ae0', '{"action":"login","actor_id":"0b3b5902-bc9d-4245-a36f-bf0b80b418e1","actor_name":"Alexandre Duque de Almeida","actor_username":"alexandre.duque@gmail.com","actor_via_sso":false,"log_type":"account","traits":{"provider":"email"}}', '2026-06-25 18:46:31.51499+00', ''),
	('00000000-0000-0000-0000-000000000000', '8f90137c-2c69-42f0-b4be-9113df024533', '{"action":"login","actor_id":"0b3b5902-bc9d-4245-a36f-bf0b80b418e1","actor_name":"Alexandre Duque de Almeida","actor_username":"alexandre.duque@gmail.com","actor_via_sso":false,"log_type":"account","traits":{"provider":"email"}}', '2026-06-25 18:46:40.556653+00', ''),
	('00000000-0000-0000-0000-000000000000', 'fe84900e-a900-4f28-980f-88ced0c2151a', '{"action":"logout","actor_id":"0b3b5902-bc9d-4245-a36f-bf0b80b418e1","actor_name":"Alexandre Duque de Almeida","actor_username":"alexandre.duque@gmail.com","actor_via_sso":false,"log_type":"account"}', '2026-06-25 19:21:53.132409+00', ''),
	('00000000-0000-0000-0000-000000000000', 'e66ad655-6948-4c16-8162-6199467d96db', '{"action":"login","actor_id":"41cf18bd-a62d-49d5-b042-eb22b8401523","actor_name":"Kelly Cerqueira Almeida","actor_username":"kellyfranster@gmail.com","actor_via_sso":false,"log_type":"account","traits":{"provider":"email"}}', '2026-06-25 19:21:56.113501+00', ''),
	('00000000-0000-0000-0000-000000000000', '0175c82f-6ea1-460e-96b3-3341649fdcc9', '{"action":"login","actor_id":"0b3b5902-bc9d-4245-a36f-bf0b80b418e1","actor_name":"Alexandre Duque de Almeida","actor_username":"alexandre.duque@gmail.com","actor_via_sso":false,"log_type":"account","traits":{"provider":"email"}}', '2026-06-25 19:42:35.740632+00', ''),
	('00000000-0000-0000-0000-000000000000', 'b87041be-6e34-42e3-8f3f-f6e27748be83', '{"action":"logout","actor_id":"0b3b5902-bc9d-4245-a36f-bf0b80b418e1","actor_name":"Alexandre Duque de Almeida","actor_username":"alexandre.duque@gmail.com","actor_via_sso":false,"log_type":"account"}', '2026-06-25 19:47:35.919686+00', ''),
	('00000000-0000-0000-0000-000000000000', '2b2320f8-589e-452b-850d-b62c7f44703b', '{"action":"logout","actor_id":"41cf18bd-a62d-49d5-b042-eb22b8401523","actor_name":"Kelly Cerqueira Almeida","actor_username":"kellyfranster@gmail.com","actor_via_sso":false,"log_type":"account"}', '2026-06-25 20:08:09.787965+00', ''),
	('00000000-0000-0000-0000-000000000000', '7616829a-0f24-476e-a859-94948b417863', '{"action":"login","actor_id":"0b3b5902-bc9d-4245-a36f-bf0b80b418e1","actor_name":"Alexandre Duque de Almeida","actor_username":"alexandre.duque@gmail.com","actor_via_sso":false,"log_type":"account","traits":{"provider":"email"}}', '2026-06-25 20:08:17.404498+00', ''),
	('00000000-0000-0000-0000-000000000000', 'f99831bf-165a-4ce2-abf1-6be3f517b96e', '{"action":"login","actor_id":"0b3b5902-bc9d-4245-a36f-bf0b80b418e1","actor_name":"Alexandre Duque de Almeida","actor_username":"alexandre.duque@gmail.com","actor_via_sso":false,"log_type":"account","traits":{"provider":"email"}}', '2026-06-25 21:05:07.980055+00', ''),
	('00000000-0000-0000-0000-000000000000', '99db747b-c1ec-40c3-8039-fe6b742d76da', '{"action":"token_refreshed","actor_id":"0b3b5902-bc9d-4245-a36f-bf0b80b418e1","actor_name":"Alexandre Duque de Almeida","actor_username":"alexandre.duque@gmail.com","actor_via_sso":false,"log_type":"token"}', '2026-06-25 21:29:45.732777+00', ''),
	('00000000-0000-0000-0000-000000000000', '064c7f2a-7819-4523-97d9-cd8c824f58de', '{"action":"token_revoked","actor_id":"0b3b5902-bc9d-4245-a36f-bf0b80b418e1","actor_name":"Alexandre Duque de Almeida","actor_username":"alexandre.duque@gmail.com","actor_via_sso":false,"log_type":"token"}', '2026-06-25 21:29:45.733626+00', ''),
	('00000000-0000-0000-0000-000000000000', '8358266a-f934-429c-99ea-ee25ebb6d678', '{"action":"login","actor_id":"0b3b5902-bc9d-4245-a36f-bf0b80b418e1","actor_name":"Alexandre Duque de Almeida","actor_username":"alexandre.duque@gmail.com","actor_via_sso":false,"log_type":"account","traits":{"provider":"email"}}', '2026-06-25 21:30:44.801389+00', ''),
	('00000000-0000-0000-0000-000000000000', 'fad00888-0b83-4794-9e1c-65e486ee4479', '{"action":"login","actor_id":"0b3b5902-bc9d-4245-a36f-bf0b80b418e1","actor_name":"Alexandre Duque de Almeida","actor_username":"alexandre.duque@gmail.com","actor_via_sso":false,"log_type":"account","traits":{"provider":"email"}}', '2026-06-25 22:01:20.188087+00', ''),
	('00000000-0000-0000-0000-000000000000', '2833eb3a-e9f3-4130-8573-92108e74c1fe', '{"action":"token_refreshed","actor_id":"0b3b5902-bc9d-4245-a36f-bf0b80b418e1","actor_name":"Alexandre Duque de Almeida","actor_username":"alexandre.duque@gmail.com","actor_via_sso":false,"log_type":"token"}', '2026-06-25 22:53:53.794335+00', ''),
	('00000000-0000-0000-0000-000000000000', '26962888-6a7e-40fc-8efc-9ddd56389be9', '{"action":"token_revoked","actor_id":"0b3b5902-bc9d-4245-a36f-bf0b80b418e1","actor_name":"Alexandre Duque de Almeida","actor_username":"alexandre.duque@gmail.com","actor_via_sso":false,"log_type":"token"}', '2026-06-25 22:53:53.795281+00', ''),
	('00000000-0000-0000-0000-000000000000', 'd0d9d720-d68c-4377-a3b7-681825277cae', '{"action":"token_refreshed","actor_id":"0b3b5902-bc9d-4245-a36f-bf0b80b418e1","actor_name":"Alexandre Duque de Almeida","actor_username":"alexandre.duque@gmail.com","actor_via_sso":false,"log_type":"token"}', '2026-06-25 22:54:06.68714+00', ''),
	('00000000-0000-0000-0000-000000000000', 'ad53a4da-be91-4bb0-bcf2-a2d097f78818', '{"action":"token_revoked","actor_id":"0b3b5902-bc9d-4245-a36f-bf0b80b418e1","actor_name":"Alexandre Duque de Almeida","actor_username":"alexandre.duque@gmail.com","actor_via_sso":false,"log_type":"token"}', '2026-06-25 22:54:06.687884+00', ''),
	('00000000-0000-0000-0000-000000000000', 'ebfa2b46-de9c-4fd7-b97a-af75738204c1', '{"action":"token_refreshed","actor_id":"0b3b5902-bc9d-4245-a36f-bf0b80b418e1","actor_name":"Alexandre Duque de Almeida","actor_username":"alexandre.duque@gmail.com","actor_via_sso":false,"log_type":"token"}', '2026-06-25 22:59:41.863455+00', ''),
	('00000000-0000-0000-0000-000000000000', '9186b6dd-76f9-4674-a12d-6c65d1cdb46d', '{"action":"token_revoked","actor_id":"0b3b5902-bc9d-4245-a36f-bf0b80b418e1","actor_name":"Alexandre Duque de Almeida","actor_username":"alexandre.duque@gmail.com","actor_via_sso":false,"log_type":"token"}', '2026-06-25 22:59:41.864525+00', ''),
	('00000000-0000-0000-0000-000000000000', '02d55811-a74d-4c46-9fef-7838a5635dad', '{"action":"token_refreshed","actor_id":"0b3b5902-bc9d-4245-a36f-bf0b80b418e1","actor_name":"Alexandre Duque de Almeida","actor_username":"alexandre.duque@gmail.com","actor_via_sso":false,"log_type":"token"}', '2026-06-25 23:57:41.957515+00', ''),
	('00000000-0000-0000-0000-000000000000', '84506e1e-105f-4947-869e-94598e1e05c0', '{"action":"token_revoked","actor_id":"0b3b5902-bc9d-4245-a36f-bf0b80b418e1","actor_name":"Alexandre Duque de Almeida","actor_username":"alexandre.duque@gmail.com","actor_via_sso":false,"log_type":"token"}', '2026-06-25 23:57:41.958325+00', ''),
	('00000000-0000-0000-0000-000000000000', 'e754cb72-e6b9-4dda-bdee-80178b5f5f87', '{"action":"token_refreshed","actor_id":"0b3b5902-bc9d-4245-a36f-bf0b80b418e1","actor_name":"Alexandre Duque de Almeida","actor_username":"alexandre.duque@gmail.com","actor_via_sso":false,"log_type":"token"}', '2026-06-26 08:37:39.920146+00', ''),
	('00000000-0000-0000-0000-000000000000', 'efa8ab51-f4df-4eab-b517-9cb4282d8392', '{"action":"token_revoked","actor_id":"0b3b5902-bc9d-4245-a36f-bf0b80b418e1","actor_name":"Alexandre Duque de Almeida","actor_username":"alexandre.duque@gmail.com","actor_via_sso":false,"log_type":"token"}', '2026-06-26 08:37:39.921016+00', ''),
	('00000000-0000-0000-0000-000000000000', '2aa6399c-0cbe-4f69-9ed5-3589d84ce083', '{"action":"token_refreshed","actor_id":"0b3b5902-bc9d-4245-a36f-bf0b80b418e1","actor_name":"Alexandre Duque de Almeida","actor_username":"alexandre.duque@gmail.com","actor_via_sso":false,"log_type":"token"}', '2026-06-26 10:53:39.051518+00', ''),
	('00000000-0000-0000-0000-000000000000', '29d98fe2-f4b3-4b72-8f09-0551dc883b38', '{"action":"token_revoked","actor_id":"0b3b5902-bc9d-4245-a36f-bf0b80b418e1","actor_name":"Alexandre Duque de Almeida","actor_username":"alexandre.duque@gmail.com","actor_via_sso":false,"log_type":"token"}', '2026-06-26 10:53:39.05233+00', ''),
	('00000000-0000-0000-0000-000000000000', '93f5c8e0-86e9-41c0-b47c-43d5168b7108', '{"action":"token_refreshed","actor_id":"0b3b5902-bc9d-4245-a36f-bf0b80b418e1","actor_name":"Alexandre Duque de Almeida","actor_username":"alexandre.duque@gmail.com","actor_via_sso":false,"log_type":"token"}', '2026-06-26 10:59:40.36188+00', ''),
	('00000000-0000-0000-0000-000000000000', 'e3dcb932-409d-45ff-aaae-9dec83891791', '{"action":"token_revoked","actor_id":"0b3b5902-bc9d-4245-a36f-bf0b80b418e1","actor_name":"Alexandre Duque de Almeida","actor_username":"alexandre.duque@gmail.com","actor_via_sso":false,"log_type":"token"}', '2026-06-26 10:59:40.362643+00', ''),
	('00000000-0000-0000-0000-000000000000', '2b4c95ed-3fa9-4996-9e98-bc1c1eec3f11', '{"action":"token_refreshed","actor_id":"0b3b5902-bc9d-4245-a36f-bf0b80b418e1","actor_name":"Alexandre Duque de Almeida","actor_username":"alexandre.duque@gmail.com","actor_via_sso":false,"log_type":"token"}', '2026-06-26 11:12:24.437595+00', ''),
	('00000000-0000-0000-0000-000000000000', '3faeb951-7783-4929-bbb6-565f395c27d5', '{"action":"token_revoked","actor_id":"0b3b5902-bc9d-4245-a36f-bf0b80b418e1","actor_name":"Alexandre Duque de Almeida","actor_username":"alexandre.duque@gmail.com","actor_via_sso":false,"log_type":"token"}', '2026-06-26 11:12:24.438274+00', ''),
	('00000000-0000-0000-0000-000000000000', '059de523-7daa-4413-a7e0-5f74d9a6f5df', '{"action":"token_refreshed","actor_id":"0b3b5902-bc9d-4245-a36f-bf0b80b418e1","actor_name":"Alexandre Duque de Almeida","actor_username":"alexandre.duque@gmail.com","actor_via_sso":false,"log_type":"token"}', '2026-06-26 11:51:39.630989+00', ''),
	('00000000-0000-0000-0000-000000000000', '64b0d9e9-5cad-4414-b15d-a4b97e032c1b', '{"action":"token_revoked","actor_id":"0b3b5902-bc9d-4245-a36f-bf0b80b418e1","actor_name":"Alexandre Duque de Almeida","actor_username":"alexandre.duque@gmail.com","actor_via_sso":false,"log_type":"token"}', '2026-06-26 11:51:39.631725+00', ''),
	('00000000-0000-0000-0000-000000000000', '1f1f0609-3cd9-49a6-9ef1-79d6bf738b1f', '{"action":"token_refreshed","actor_id":"0b3b5902-bc9d-4245-a36f-bf0b80b418e1","actor_name":"Alexandre Duque de Almeida","actor_username":"alexandre.duque@gmail.com","actor_via_sso":false,"log_type":"token"}', '2026-06-26 12:37:11.381896+00', ''),
	('00000000-0000-0000-0000-000000000000', 'a1b90638-023c-4c03-825b-c34d29be0673', '{"action":"token_revoked","actor_id":"0b3b5902-bc9d-4245-a36f-bf0b80b418e1","actor_name":"Alexandre Duque de Almeida","actor_username":"alexandre.duque@gmail.com","actor_via_sso":false,"log_type":"token"}', '2026-06-26 12:37:11.382556+00', ''),
	('00000000-0000-0000-0000-000000000000', '0b8595b7-f090-4553-a1fc-b85e869fb01d', '{"action":"token_refreshed","actor_id":"0b3b5902-bc9d-4245-a36f-bf0b80b418e1","actor_name":"Alexandre Duque de Almeida","actor_username":"alexandre.duque@gmail.com","actor_via_sso":false,"log_type":"token"}', '2026-06-26 15:30:55.590092+00', ''),
	('00000000-0000-0000-0000-000000000000', '4d88cd75-fd0b-4fa6-8a44-2e60f0121503', '{"action":"token_revoked","actor_id":"0b3b5902-bc9d-4245-a36f-bf0b80b418e1","actor_name":"Alexandre Duque de Almeida","actor_username":"alexandre.duque@gmail.com","actor_via_sso":false,"log_type":"token"}', '2026-06-26 15:30:55.590822+00', ''),
	('00000000-0000-0000-0000-000000000000', '6b2e6c79-a75d-410a-b80e-9493e317ef77', '{"action":"token_refreshed","actor_id":"0b3b5902-bc9d-4245-a36f-bf0b80b418e1","actor_name":"Alexandre Duque de Almeida","actor_username":"alexandre.duque@gmail.com","actor_via_sso":false,"log_type":"token"}', '2026-06-26 15:31:23.334841+00', ''),
	('00000000-0000-0000-0000-000000000000', '08ed879c-4154-46e6-ac04-142beb2c04d6', '{"action":"token_revoked","actor_id":"0b3b5902-bc9d-4245-a36f-bf0b80b418e1","actor_name":"Alexandre Duque de Almeida","actor_username":"alexandre.duque@gmail.com","actor_via_sso":false,"log_type":"token"}', '2026-06-26 15:31:23.335579+00', ''),
	('00000000-0000-0000-0000-000000000000', 'e6a81899-d5eb-4188-b674-409b19505223', '{"action":"logout","actor_id":"0b3b5902-bc9d-4245-a36f-bf0b80b418e1","actor_name":"Alexandre Duque de Almeida","actor_username":"alexandre.duque@gmail.com","actor_via_sso":false,"log_type":"account"}', '2026-06-26 15:32:22.636635+00', ''),
	('00000000-0000-0000-0000-000000000000', '454a5b43-99fe-4a65-90f3-bb099c047687', '{"action":"login","actor_id":"0b3b5902-bc9d-4245-a36f-bf0b80b418e1","actor_name":"Alexandre Duque de Almeida","actor_username":"alexandre.duque@gmail.com","actor_via_sso":false,"log_type":"account","traits":{"provider":"email"}}', '2026-06-26 16:45:41.287475+00', ''),
	('00000000-0000-0000-0000-000000000000', 'd569ade6-0814-43cc-8fc7-6ec4174aa3a3', '{"action":"token_refreshed","actor_id":"0b3b5902-bc9d-4245-a36f-bf0b80b418e1","actor_name":"Alexandre Duque de Almeida","actor_username":"alexandre.duque@gmail.com","actor_via_sso":false,"log_type":"token"}', '2026-06-26 17:43:46.62769+00', ''),
	('00000000-0000-0000-0000-000000000000', 'f8479db4-fa91-4cb6-9e96-9b96489341c0', '{"action":"token_revoked","actor_id":"0b3b5902-bc9d-4245-a36f-bf0b80b418e1","actor_name":"Alexandre Duque de Almeida","actor_username":"alexandre.duque@gmail.com","actor_via_sso":false,"log_type":"token"}', '2026-06-26 17:43:46.62844+00', ''),
	('00000000-0000-0000-0000-000000000000', 'f5df6175-a627-42bd-94bd-eeb6f8732992', '{"action":"login","actor_id":"0b3b5902-bc9d-4245-a36f-bf0b80b418e1","actor_name":"Alexandre Duque de Almeida","actor_username":"alexandre.duque@gmail.com","actor_via_sso":false,"log_type":"account","traits":{"provider":"email"}}', '2026-06-26 17:46:19.976328+00', ''),
	('00000000-0000-0000-0000-000000000000', '831e6135-41ab-4c25-9ce7-860db64f5b2a', '{"action":"logout","actor_id":"0b3b5902-bc9d-4245-a36f-bf0b80b418e1","actor_name":"Alexandre Duque de Almeida","actor_username":"alexandre.duque@gmail.com","actor_via_sso":false,"log_type":"account"}', '2026-06-26 17:53:58.403099+00', ''),
	('00000000-0000-0000-0000-000000000000', '70b49f98-0e8d-4a9d-afc1-1be161fd0fd3', '{"action":"login","actor_id":"41cf18bd-a62d-49d5-b042-eb22b8401523","actor_name":"Kelly Cerqueira Almeida","actor_username":"kellyfranster@gmail.com","actor_via_sso":false,"log_type":"account","traits":{"provider":"email"}}', '2026-06-26 17:54:04.823771+00', ''),
	('00000000-0000-0000-0000-000000000000', 'c1cc6e17-19ef-4c35-8753-74357de89f99', '{"action":"login","actor_id":"0b3b5902-bc9d-4245-a36f-bf0b80b418e1","actor_name":"Alexandre Duque de Almeida","actor_username":"alexandre.duque@gmail.com","actor_via_sso":false,"log_type":"account","traits":{"provider":"email"}}', '2026-06-26 17:57:25.273585+00', ''),
	('00000000-0000-0000-0000-000000000000', '56ff211d-a144-4d32-9fe3-c57a92cb6886', '{"action":"logout","actor_id":"41cf18bd-a62d-49d5-b042-eb22b8401523","actor_name":"Kelly Cerqueira Almeida","actor_username":"kellyfranster@gmail.com","actor_via_sso":false,"log_type":"account"}', '2026-06-26 18:09:15.67562+00', ''),
	('00000000-0000-0000-0000-000000000000', '91b0efc5-3b14-4a5f-81d3-73ba330b1a0d', '{"action":"login","actor_id":"0b3b5902-bc9d-4245-a36f-bf0b80b418e1","actor_name":"Alexandre Duque de Almeida","actor_username":"alexandre.duque@gmail.com","actor_via_sso":false,"log_type":"account","traits":{"provider":"email"}}', '2026-06-26 18:09:18.229545+00', ''),
	('00000000-0000-0000-0000-000000000000', '5f7ad2fd-4752-4f12-b5dc-1fcf1d09b9d2', '{"action":"login","actor_id":"0b3b5902-bc9d-4245-a36f-bf0b80b418e1","actor_name":"Alexandre Duque de Almeida","actor_username":"alexandre.duque@gmail.com","actor_via_sso":false,"log_type":"account","traits":{"provider":"email"}}', '2026-06-26 18:15:41.460118+00', ''),
	('00000000-0000-0000-0000-000000000000', 'bd11b40a-3e7a-4329-9fb1-e52711ee1e1a', '{"action":"login","actor_id":"0b3b5902-bc9d-4245-a36f-bf0b80b418e1","actor_name":"Alexandre Duque de Almeida","actor_username":"alexandre.duque@gmail.com","actor_via_sso":false,"log_type":"account","traits":{"provider":"email"}}', '2026-06-26 18:43:46.677006+00', ''),
	('00000000-0000-0000-0000-000000000000', '47e154ff-afb5-4a86-9792-81e3d39bdd8a', '{"action":"token_refreshed","actor_id":"0b3b5902-bc9d-4245-a36f-bf0b80b418e1","actor_name":"Alexandre Duque de Almeida","actor_username":"alexandre.duque@gmail.com","actor_via_sso":false,"log_type":"token"}', '2026-06-26 18:55:47.38902+00', ''),
	('00000000-0000-0000-0000-000000000000', '6a47fb99-b904-4d95-a95c-f256b329a2bf', '{"action":"token_revoked","actor_id":"0b3b5902-bc9d-4245-a36f-bf0b80b418e1","actor_name":"Alexandre Duque de Almeida","actor_username":"alexandre.duque@gmail.com","actor_via_sso":false,"log_type":"token"}', '2026-06-26 18:55:47.390045+00', ''),
	('00000000-0000-0000-0000-000000000000', 'b8774838-de41-4810-8297-e743f4025c9d', '{"action":"token_refreshed","actor_id":"0b3b5902-bc9d-4245-a36f-bf0b80b418e1","actor_name":"Alexandre Duque de Almeida","actor_username":"alexandre.duque@gmail.com","actor_via_sso":false,"log_type":"token"}', '2026-06-26 19:15:33.244375+00', ''),
	('00000000-0000-0000-0000-000000000000', '6ec30266-7e2d-4306-96f9-456a0dc22818', '{"action":"token_revoked","actor_id":"0b3b5902-bc9d-4245-a36f-bf0b80b418e1","actor_name":"Alexandre Duque de Almeida","actor_username":"alexandre.duque@gmail.com","actor_via_sso":false,"log_type":"token"}', '2026-06-26 19:15:33.246072+00', ''),
	('00000000-0000-0000-0000-000000000000', 'ce33c6d3-edfb-467d-8baf-b6f1f8845d78', '{"action":"token_refreshed","actor_id":"0b3b5902-bc9d-4245-a36f-bf0b80b418e1","actor_name":"Alexandre Duque de Almeida","actor_username":"alexandre.duque@gmail.com","actor_via_sso":false,"log_type":"token"}', '2026-06-26 19:16:02.793556+00', ''),
	('00000000-0000-0000-0000-000000000000', 'b3701921-6f39-496b-8f01-037034f19739', '{"action":"token_revoked","actor_id":"0b3b5902-bc9d-4245-a36f-bf0b80b418e1","actor_name":"Alexandre Duque de Almeida","actor_username":"alexandre.duque@gmail.com","actor_via_sso":false,"log_type":"token"}', '2026-06-26 19:16:02.794325+00', ''),
	('00000000-0000-0000-0000-000000000000', '08bb88e5-d490-455e-8c73-04e29e0cde69', '{"action":"token_refreshed","actor_id":"0b3b5902-bc9d-4245-a36f-bf0b80b418e1","actor_name":"Alexandre Duque de Almeida","actor_username":"alexandre.duque@gmail.com","actor_via_sso":false,"log_type":"token"}', '2026-06-26 19:53:57.928622+00', ''),
	('00000000-0000-0000-0000-000000000000', '84666a4a-48b8-4b36-b613-84be4780ba79', '{"action":"token_revoked","actor_id":"0b3b5902-bc9d-4245-a36f-bf0b80b418e1","actor_name":"Alexandre Duque de Almeida","actor_username":"alexandre.duque@gmail.com","actor_via_sso":false,"log_type":"token"}', '2026-06-26 19:53:57.92945+00', ''),
	('00000000-0000-0000-0000-000000000000', 'd0ef984f-f8a0-4be1-9d3f-793519f98930', '{"action":"token_refreshed","actor_id":"0b3b5902-bc9d-4245-a36f-bf0b80b418e1","actor_name":"Alexandre Duque de Almeida","actor_username":"alexandre.duque@gmail.com","actor_via_sso":false,"log_type":"token"}', '2026-06-26 19:54:42.433832+00', ''),
	('00000000-0000-0000-0000-000000000000', 'd8758c59-8c9f-4782-8468-c78549bbfafa', '{"action":"token_revoked","actor_id":"0b3b5902-bc9d-4245-a36f-bf0b80b418e1","actor_name":"Alexandre Duque de Almeida","actor_username":"alexandre.duque@gmail.com","actor_via_sso":false,"log_type":"token"}', '2026-06-26 19:54:42.434615+00', ''),
	('00000000-0000-0000-0000-000000000000', '88475b63-57be-4da5-bc8f-a5dec1549167', '{"action":"logout","actor_id":"0b3b5902-bc9d-4245-a36f-bf0b80b418e1","actor_name":"Alexandre Duque de Almeida","actor_username":"alexandre.duque@gmail.com","actor_via_sso":false,"log_type":"account"}', '2026-06-26 20:04:42.375138+00', ''),
	('00000000-0000-0000-0000-000000000000', '0a4a1424-e208-4e21-87b7-9b95c855b31b', '{"action":"login","actor_id":"41cf18bd-a62d-49d5-b042-eb22b8401523","actor_name":"Kelly Cerqueira Almeida","actor_username":"kellyfranster@gmail.com","actor_via_sso":false,"log_type":"account","traits":{"provider":"email"}}', '2026-06-26 20:05:38.375864+00', ''),
	('00000000-0000-0000-0000-000000000000', 'c18ec283-7d28-487e-8c1c-8cd44a4d9ad9', '{"action":"login","actor_id":"0b3b5902-bc9d-4245-a36f-bf0b80b418e1","actor_name":"Alexandre Duque de Almeida","actor_username":"alexandre.duque@gmail.com","actor_via_sso":false,"log_type":"account","traits":{"provider":"email"}}', '2026-06-26 20:07:36.730362+00', ''),
	('00000000-0000-0000-0000-000000000000', '00469afe-9b73-4015-b40d-9b90967b06d8', '{"action":"token_refreshed","actor_id":"0b3b5902-bc9d-4245-a36f-bf0b80b418e1","actor_name":"Alexandre Duque de Almeida","actor_username":"alexandre.duque@gmail.com","actor_via_sso":false,"log_type":"token"}', '2026-06-26 21:33:04.506144+00', ''),
	('00000000-0000-0000-0000-000000000000', '5d0feeff-8981-4f27-b972-302fb87c1bb1', '{"action":"token_revoked","actor_id":"0b3b5902-bc9d-4245-a36f-bf0b80b418e1","actor_name":"Alexandre Duque de Almeida","actor_username":"alexandre.duque@gmail.com","actor_via_sso":false,"log_type":"token"}', '2026-06-26 21:33:04.507468+00', ''),
	('00000000-0000-0000-0000-000000000000', '9897fabb-08f4-4b9a-8d6d-71c0491e08c9', '{"action":"login","actor_id":"0b3b5902-bc9d-4245-a36f-bf0b80b418e1","actor_name":"Alexandre Duque de Almeida","actor_username":"alexandre.duque@gmail.com","actor_via_sso":false,"log_type":"account","traits":{"provider":"email"}}', '2026-06-27 12:22:53.698391+00', ''),
	('00000000-0000-0000-0000-000000000000', '7c17216b-1ea9-4c36-8082-3b4cc6a8af64', '{"action":"token_refreshed","actor_id":"0b3b5902-bc9d-4245-a36f-bf0b80b418e1","actor_name":"Alexandre Duque de Almeida","actor_username":"alexandre.duque@gmail.com","actor_via_sso":false,"log_type":"token"}', '2026-06-27 13:52:49.869414+00', ''),
	('00000000-0000-0000-0000-000000000000', '228fdd5e-dc28-44ca-9857-f69aca774cfc', '{"action":"token_revoked","actor_id":"0b3b5902-bc9d-4245-a36f-bf0b80b418e1","actor_name":"Alexandre Duque de Almeida","actor_username":"alexandre.duque@gmail.com","actor_via_sso":false,"log_type":"token"}', '2026-06-27 13:52:49.870167+00', ''),
	('00000000-0000-0000-0000-000000000000', '354caafe-bb84-423c-aef1-c95d269e87c6', '{"action":"token_refreshed","actor_id":"41cf18bd-a62d-49d5-b042-eb22b8401523","actor_name":"Kelly Cerqueira Almeida","actor_username":"kellyfranster@gmail.com","actor_via_sso":false,"log_type":"token"}', '2026-06-29 11:25:03.601999+00', ''),
	('00000000-0000-0000-0000-000000000000', '1d5d2877-f40d-4e62-8c5d-4ead4eea8d57', '{"action":"token_revoked","actor_id":"41cf18bd-a62d-49d5-b042-eb22b8401523","actor_name":"Kelly Cerqueira Almeida","actor_username":"kellyfranster@gmail.com","actor_via_sso":false,"log_type":"token"}', '2026-06-29 11:25:03.602988+00', ''),
	('00000000-0000-0000-0000-000000000000', '063dfaea-051e-4580-8137-1aff8d877418', '{"action":"logout","actor_id":"41cf18bd-a62d-49d5-b042-eb22b8401523","actor_name":"Kelly Cerqueira Almeida","actor_username":"kellyfranster@gmail.com","actor_via_sso":false,"log_type":"account"}', '2026-06-29 11:26:40.290003+00', ''),
	('00000000-0000-0000-0000-000000000000', '48d0d895-e94f-4edb-8c39-47f478da2370', '{"action":"login","actor_id":"0b3b5902-bc9d-4245-a36f-bf0b80b418e1","actor_name":"Alexandre Duque de Almeida","actor_username":"alexandre.duque@gmail.com","actor_via_sso":false,"log_type":"account","traits":{"provider":"email"}}', '2026-06-29 11:26:42.520819+00', ''),
	('00000000-0000-0000-0000-000000000000', '42a77ce5-b5a4-42d0-929b-478dd7a8d0c0', '{"action":"logout","actor_id":"0b3b5902-bc9d-4245-a36f-bf0b80b418e1","actor_name":"Alexandre Duque de Almeida","actor_username":"alexandre.duque@gmail.com","actor_via_sso":false,"log_type":"account"}', '2026-06-29 12:14:50.106267+00', ''),
	('00000000-0000-0000-0000-000000000000', '083126e2-1d36-46d4-91c0-21867448ea92', '{"action":"login","actor_id":"0b3b5902-bc9d-4245-a36f-bf0b80b418e1","actor_name":"Alexandre Duque de Almeida","actor_username":"alexandre.duque@gmail.com","actor_via_sso":false,"log_type":"account","traits":{"provider":"email"}}', '2026-06-29 12:18:11.378027+00', ''),
	('00000000-0000-0000-0000-000000000000', 'e09f111a-9c01-4b0a-8923-2d4ab831e6af', '{"action":"login","actor_id":"41cf18bd-a62d-49d5-b042-eb22b8401523","actor_name":"Kelly Cerqueira Almeida","actor_username":"kellyfranster@gmail.com","actor_via_sso":false,"log_type":"account","traits":{"provider":"email"}}', '2026-06-29 12:31:49.657697+00', ''),
	('00000000-0000-0000-0000-000000000000', '9897047b-9d5f-4e76-9a59-d158c3a34e91', '{"action":"logout","actor_id":"41cf18bd-a62d-49d5-b042-eb22b8401523","actor_name":"Kelly Cerqueira Almeida","actor_username":"kellyfranster@gmail.com","actor_via_sso":false,"log_type":"account"}', '2026-06-29 12:33:35.760618+00', ''),
	('00000000-0000-0000-0000-000000000000', 'ee49e9fe-ec11-4881-b1c3-d4df5e873959', '{"action":"login","actor_id":"0b3b5902-bc9d-4245-a36f-bf0b80b418e1","actor_name":"Alexandre Duque de Almeida","actor_username":"alexandre.duque@gmail.com","actor_via_sso":false,"log_type":"account","traits":{"provider":"email"}}', '2026-06-29 12:33:41.146594+00', ''),
	('00000000-0000-0000-0000-000000000000', 'fcebe4bf-198d-439a-83b3-16dd98c78c18', '{"action":"logout","actor_id":"0b3b5902-bc9d-4245-a36f-bf0b80b418e1","actor_name":"Alexandre Duque de Almeida","actor_username":"alexandre.duque@gmail.com","actor_via_sso":false,"log_type":"account"}', '2026-06-29 12:58:59.55264+00', ''),
	('00000000-0000-0000-0000-000000000000', '7fc1f8ab-8c97-47e8-8ee8-76398e49f3b8', '{"action":"login","actor_id":"41cf18bd-a62d-49d5-b042-eb22b8401523","actor_name":"Kelly Cerqueira Almeida","actor_username":"kellyfranster@gmail.com","actor_via_sso":false,"log_type":"account","traits":{"provider":"email"}}', '2026-06-29 12:59:11.596911+00', ''),
	('00000000-0000-0000-0000-000000000000', '6a4a4d43-e574-4d4d-9ec3-cdf8e54929b8', '{"action":"login","actor_id":"0b3b5902-bc9d-4245-a36f-bf0b80b418e1","actor_name":"Alexandre Duque de Almeida","actor_username":"alexandre.duque@gmail.com","actor_via_sso":false,"log_type":"account","traits":{"provider":"email"}}', '2026-06-29 12:59:49.809865+00', ''),
	('00000000-0000-0000-0000-000000000000', 'd968ef83-d7be-4920-a7bb-3be955644c88', '{"action":"login","actor_id":"0b3b5902-bc9d-4245-a36f-bf0b80b418e1","actor_name":"Alexandre Duque de Almeida","actor_username":"alexandre.duque@gmail.com","actor_via_sso":false,"log_type":"account","traits":{"provider":"email"}}', '2026-06-29 13:14:45.37753+00', ''),
	('00000000-0000-0000-0000-000000000000', '4f8860f3-c7ba-4432-b39e-9b1d40d388b8', '{"action":"logout","actor_id":"41cf18bd-a62d-49d5-b042-eb22b8401523","actor_name":"Kelly Cerqueira Almeida","actor_username":"kellyfranster@gmail.com","actor_via_sso":false,"log_type":"account"}', '2026-06-29 13:35:35.727442+00', ''),
	('00000000-0000-0000-0000-000000000000', '3a89c065-6032-4b67-a699-3dba567b6319', '{"action":"login","actor_id":"0b3b5902-bc9d-4245-a36f-bf0b80b418e1","actor_name":"Alexandre Duque de Almeida","actor_username":"alexandre.duque@gmail.com","actor_via_sso":false,"log_type":"account","traits":{"provider":"email"}}', '2026-06-29 13:35:38.258417+00', ''),
	('00000000-0000-0000-0000-000000000000', 'b2a8b9a7-4a8e-4daa-bb3a-cb7c8a000421', '{"action":"logout","actor_id":"0b3b5902-bc9d-4245-a36f-bf0b80b418e1","actor_name":"Alexandre Duque de Almeida","actor_username":"alexandre.duque@gmail.com","actor_via_sso":false,"log_type":"account"}', '2026-06-29 14:22:47.063661+00', ''),
	('00000000-0000-0000-0000-000000000000', '13805348-de16-4fba-ac8c-eecf82feb6b4', '{"action":"user_signedup","actor_id":"98832386-a950-42c9-a4b8-cb997e9fb3ca","actor_name":"teste","actor_username":"teste@gmail.com","actor_via_sso":false,"log_type":"team","traits":{"provider":"email"}}', '2026-06-29 14:23:33.531806+00', ''),
	('00000000-0000-0000-0000-000000000000', 'fca03a2a-b2ee-4af8-ab7f-93b66284a381', '{"action":"login","actor_id":"98832386-a950-42c9-a4b8-cb997e9fb3ca","actor_name":"teste","actor_username":"teste@gmail.com","actor_via_sso":false,"log_type":"account","traits":{"provider":"email"}}', '2026-06-29 14:23:33.545246+00', ''),
	('00000000-0000-0000-0000-000000000000', '2ee245b0-f2a9-49a1-b294-a0a9939940b2', '{"action":"login","actor_id":"98832386-a950-42c9-a4b8-cb997e9fb3ca","actor_name":"teste","actor_username":"teste@gmail.com","actor_via_sso":false,"log_type":"account","traits":{"provider":"email"}}', '2026-06-29 14:23:44.824694+00', ''),
	('00000000-0000-0000-0000-000000000000', '2992b104-cf04-43c9-822e-cfe7dc03fc38', '{"action":"login","actor_id":"0b3b5902-bc9d-4245-a36f-bf0b80b418e1","actor_name":"Alexandre Duque de Almeida","actor_username":"alexandre.duque@gmail.com","actor_via_sso":false,"log_type":"account","traits":{"provider":"email"}}', '2026-06-29 14:27:24.235092+00', ''),
	('00000000-0000-0000-0000-000000000000', '66c31749-1742-425d-b949-3b15b98f28a7', '{"action":"token_refreshed","actor_id":"98832386-a950-42c9-a4b8-cb997e9fb3ca","actor_name":"teste","actor_username":"teste@gmail.com","actor_via_sso":false,"log_type":"token"}', '2026-06-29 15:22:00.436732+00', ''),
	('00000000-0000-0000-0000-000000000000', 'af99bab2-f816-40d5-b517-0b947a9ab3d0', '{"action":"token_revoked","actor_id":"98832386-a950-42c9-a4b8-cb997e9fb3ca","actor_name":"teste","actor_username":"teste@gmail.com","actor_via_sso":false,"log_type":"token"}', '2026-06-29 15:22:00.437509+00', ''),
	('00000000-0000-0000-0000-000000000000', 'ecb27438-a4d3-4e36-b05b-31c91c7cf02d', '{"action":"token_refreshed","actor_id":"98832386-a950-42c9-a4b8-cb997e9fb3ca","actor_name":"teste","actor_username":"teste@gmail.com","actor_via_sso":false,"log_type":"token"}', '2026-06-29 19:09:24.145481+00', ''),
	('00000000-0000-0000-0000-000000000000', 'cf47f842-2916-445a-baee-14a5a515b137', '{"action":"token_revoked","actor_id":"98832386-a950-42c9-a4b8-cb997e9fb3ca","actor_name":"teste","actor_username":"teste@gmail.com","actor_via_sso":false,"log_type":"token"}', '2026-06-29 19:09:24.146487+00', ''),
	('00000000-0000-0000-0000-000000000000', '6a0fbcfa-5631-419b-b75f-61eb3a2ada7b', '{"action":"token_refreshed","actor_id":"98832386-a950-42c9-a4b8-cb997e9fb3ca","actor_name":"teste","actor_username":"teste@gmail.com","actor_via_sso":false,"log_type":"token"}', '2026-06-29 20:07:52.290524+00', ''),
	('00000000-0000-0000-0000-000000000000', '926b89cd-fd51-4d6c-921d-7a3245aa1b38', '{"action":"token_revoked","actor_id":"98832386-a950-42c9-a4b8-cb997e9fb3ca","actor_name":"teste","actor_username":"teste@gmail.com","actor_via_sso":false,"log_type":"token"}', '2026-06-29 20:07:52.291264+00', ''),
	('00000000-0000-0000-0000-000000000000', '43b07fcb-d9b2-4594-a876-10a3b8f7f4f8', '{"action":"token_refreshed","actor_id":"0b3b5902-bc9d-4245-a36f-bf0b80b418e1","actor_name":"Alexandre Duque de Almeida","actor_username":"alexandre.duque@gmail.com","actor_via_sso":false,"log_type":"token"}', '2026-06-29 20:40:12.669772+00', ''),
	('00000000-0000-0000-0000-000000000000', 'f8fdbc96-d117-4b75-9dad-31d427972082', '{"action":"token_revoked","actor_id":"0b3b5902-bc9d-4245-a36f-bf0b80b418e1","actor_name":"Alexandre Duque de Almeida","actor_username":"alexandre.duque@gmail.com","actor_via_sso":false,"log_type":"token"}', '2026-06-29 20:40:12.673364+00', ''),
	('00000000-0000-0000-0000-000000000000', '44c2cfcc-0ca5-4579-b5cb-332366208c38', '{"action":"login","actor_id":"0b3b5902-bc9d-4245-a36f-bf0b80b418e1","actor_name":"Alexandre Duque de Almeida","actor_username":"alexandre.duque@gmail.com","actor_via_sso":false,"log_type":"account","traits":{"provider":"email"}}', '2026-06-29 21:02:25.843537+00', ''),
	('00000000-0000-0000-0000-000000000000', 'dc49b473-6175-4e60-9b4a-bf451c3e2281', '{"action":"token_refreshed","actor_id":"98832386-a950-42c9-a4b8-cb997e9fb3ca","actor_name":"teste","actor_username":"teste@gmail.com","actor_via_sso":false,"log_type":"token"}', '2026-06-29 21:26:38.259835+00', ''),
	('00000000-0000-0000-0000-000000000000', '4fe9281c-1491-4201-b7ef-f158758fd204', '{"action":"token_revoked","actor_id":"98832386-a950-42c9-a4b8-cb997e9fb3ca","actor_name":"teste","actor_username":"teste@gmail.com","actor_via_sso":false,"log_type":"token"}', '2026-06-29 21:26:38.260536+00', ''),
	('00000000-0000-0000-0000-000000000000', '00a82d48-5ce0-459d-a36f-2c47dc92fbb9', '{"action":"token_refreshed","actor_id":"0b3b5902-bc9d-4245-a36f-bf0b80b418e1","actor_name":"Alexandre Duque de Almeida","actor_username":"alexandre.duque@gmail.com","actor_via_sso":false,"log_type":"token"}', '2026-06-29 21:53:24.445294+00', ''),
	('00000000-0000-0000-0000-000000000000', '3ca4677b-7dfe-4565-bcbf-d407d26c4eac', '{"action":"token_revoked","actor_id":"0b3b5902-bc9d-4245-a36f-bf0b80b418e1","actor_name":"Alexandre Duque de Almeida","actor_username":"alexandre.duque@gmail.com","actor_via_sso":false,"log_type":"token"}', '2026-06-29 21:53:24.446166+00', ''),
	('00000000-0000-0000-0000-000000000000', '3ecb9919-10d5-439c-9ab1-e3bd779e96bf', '{"action":"token_refreshed","actor_id":"0b3b5902-bc9d-4245-a36f-bf0b80b418e1","actor_name":"Alexandre Duque de Almeida","actor_username":"alexandre.duque@gmail.com","actor_via_sso":false,"log_type":"token"}', '2026-06-30 02:32:26.776627+00', ''),
	('00000000-0000-0000-0000-000000000000', '81761999-e908-4cd4-b1e3-c6b753cfa440', '{"action":"token_revoked","actor_id":"0b3b5902-bc9d-4245-a36f-bf0b80b418e1","actor_name":"Alexandre Duque de Almeida","actor_username":"alexandre.duque@gmail.com","actor_via_sso":false,"log_type":"token"}', '2026-06-30 02:32:26.777596+00', ''),
	('00000000-0000-0000-0000-000000000000', '443239d1-357d-4dc6-aef2-c127bf616136', '{"action":"token_refreshed","actor_id":"0b3b5902-bc9d-4245-a36f-bf0b80b418e1","actor_name":"Alexandre Duque de Almeida","actor_username":"alexandre.duque@gmail.com","actor_via_sso":false,"log_type":"token"}', '2026-06-30 10:29:46.690865+00', ''),
	('00000000-0000-0000-0000-000000000000', '32f52814-a621-4831-b48f-c272b59e0c0f', '{"action":"token_revoked","actor_id":"0b3b5902-bc9d-4245-a36f-bf0b80b418e1","actor_name":"Alexandre Duque de Almeida","actor_username":"alexandre.duque@gmail.com","actor_via_sso":false,"log_type":"token"}', '2026-06-30 10:29:46.69158+00', ''),
	('00000000-0000-0000-0000-000000000000', 'd75de24c-5b9d-4151-a38e-8395627ccef7', '{"action":"logout","actor_id":"0b3b5902-bc9d-4245-a36f-bf0b80b418e1","actor_name":"Alexandre Duque de Almeida","actor_username":"alexandre.duque@gmail.com","actor_via_sso":false,"log_type":"account"}', '2026-06-30 10:32:25.426809+00', ''),
	('00000000-0000-0000-0000-000000000000', 'ae06c364-af94-4a70-8b65-25b68e351466', '{"action":"user_signedup","actor_id":"ec8eeac1-2b57-4dc3-8b00-56759e94e8f7","actor_name":"Alexandrd","actor_username":"admin@electrosal.com","actor_via_sso":false,"log_type":"team","traits":{"provider":"email"}}', '2026-06-30 10:38:20.655633+00', ''),
	('00000000-0000-0000-0000-000000000000', 'c767401f-046a-4591-a836-c8c6e58d2a9d', '{"action":"login","actor_id":"ec8eeac1-2b57-4dc3-8b00-56759e94e8f7","actor_name":"Alexandrd","actor_username":"admin@electrosal.com","actor_via_sso":false,"log_type":"account","traits":{"provider":"email"}}', '2026-06-30 10:38:20.667579+00', ''),
	('00000000-0000-0000-0000-000000000000', '25f479a0-c710-478e-aaeb-ec1875c253d2', '{"action":"user_repeated_signup","actor_id":"ec8eeac1-2b57-4dc3-8b00-56759e94e8f7","actor_name":"Alexandrd","actor_username":"admin@electrosal.com","actor_via_sso":false,"log_type":"user","traits":{"provider":"email"}}', '2026-06-30 10:38:30.423365+00', ''),
	('00000000-0000-0000-0000-000000000000', '35f112dd-0629-401d-9032-7fbc355908c0', '{"action":"user_signedup","actor_id":"5b8a8662-2f98-4c8a-99d3-1127554939bd","actor_name":"Alexandre","actor_username":"alexandre@electrosal.com.br","actor_via_sso":false,"log_type":"team","traits":{"provider":"email"}}', '2026-06-30 10:39:00.435512+00', ''),
	('00000000-0000-0000-0000-000000000000', '7f060d16-db43-46c1-9281-977cd2496d19', '{"action":"login","actor_id":"5b8a8662-2f98-4c8a-99d3-1127554939bd","actor_name":"Alexandre","actor_username":"alexandre@electrosal.com.br","actor_via_sso":false,"log_type":"account","traits":{"provider":"email"}}', '2026-06-30 10:39:00.449019+00', ''),
	('00000000-0000-0000-0000-000000000000', '1a1ec30a-4ff8-4852-9f3a-f78b7a7e698b', '{"action":"login","actor_id":"5b8a8662-2f98-4c8a-99d3-1127554939bd","actor_name":"Alexandre","actor_username":"alexandre@electrosal.com.br","actor_via_sso":false,"log_type":"account","traits":{"provider":"email"}}', '2026-06-30 10:39:15.625023+00', ''),
	('00000000-0000-0000-0000-000000000000', '1224e720-3f26-49e1-80a1-fc9af479f616', '{"action":"token_refreshed","actor_id":"98832386-a950-42c9-a4b8-cb997e9fb3ca","actor_name":"teste","actor_username":"teste@gmail.com","actor_via_sso":false,"log_type":"token"}', '2026-06-30 11:03:31.273195+00', ''),
	('00000000-0000-0000-0000-000000000000', 'a0428db4-f6cc-4185-b065-0706559c311d', '{"action":"token_revoked","actor_id":"98832386-a950-42c9-a4b8-cb997e9fb3ca","actor_name":"teste","actor_username":"teste@gmail.com","actor_via_sso":false,"log_type":"token"}', '2026-06-30 11:03:31.274055+00', ''),
	('00000000-0000-0000-0000-000000000000', 'd365e8eb-49fe-48bc-b48f-3f689a5806a3', '{"action":"logout","actor_id":"98832386-a950-42c9-a4b8-cb997e9fb3ca","actor_name":"teste","actor_username":"teste@gmail.com","actor_via_sso":false,"log_type":"account"}', '2026-06-30 11:04:19.992249+00', ''),
	('00000000-0000-0000-0000-000000000000', 'dc448a26-cba3-4e0c-af61-35502fad16c5', '{"action":"login","actor_id":"0b3b5902-bc9d-4245-a36f-bf0b80b418e1","actor_name":"Alexandre Duque de Almeida","actor_username":"alexandre.duque@gmail.com","actor_via_sso":false,"log_type":"account","traits":{"provider":"email"}}', '2026-06-30 11:04:22.08288+00', ''),
	('00000000-0000-0000-0000-000000000000', 'd3e0b7d7-3117-4960-aada-983e1f4ed4d3', '{"action":"token_refreshed","actor_id":"0b3b5902-bc9d-4245-a36f-bf0b80b418e1","actor_name":"Alexandre Duque de Almeida","actor_username":"alexandre.duque@gmail.com","actor_via_sso":false,"log_type":"token"}', '2026-06-30 12:22:46.444285+00', ''),
	('00000000-0000-0000-0000-000000000000', '2e7bdd2b-598e-4c00-872e-d480336e6980', '{"action":"token_revoked","actor_id":"0b3b5902-bc9d-4245-a36f-bf0b80b418e1","actor_name":"Alexandre Duque de Almeida","actor_username":"alexandre.duque@gmail.com","actor_via_sso":false,"log_type":"token"}', '2026-06-30 12:22:46.445153+00', ''),
	('00000000-0000-0000-0000-000000000000', '04ebc351-58d5-4bb6-9f23-2ead5423e052', '{"action":"logout","actor_id":"0b3b5902-bc9d-4245-a36f-bf0b80b418e1","actor_name":"Alexandre Duque de Almeida","actor_username":"alexandre.duque@gmail.com","actor_via_sso":false,"log_type":"account"}', '2026-06-30 12:30:18.744217+00', ''),
	('00000000-0000-0000-0000-000000000000', 'c04d25ab-25a3-45ca-80e7-337af2bc1170', '{"action":"login","actor_id":"0b3b5902-bc9d-4245-a36f-bf0b80b418e1","actor_name":"Alexandre Duque de Almeida","actor_username":"alexandre.duque@gmail.com","actor_via_sso":false,"log_type":"account","traits":{"provider":"email"}}', '2026-06-30 12:30:36.072565+00', ''),
	('00000000-0000-0000-0000-000000000000', 'e9683611-47f6-49cc-af3c-ccbcf7175e73', '{"action":"login","actor_id":"0b3b5902-bc9d-4245-a36f-bf0b80b418e1","actor_name":"Alexandre Duque de Almeida","actor_username":"alexandre.duque@gmail.com","actor_via_sso":false,"log_type":"account","traits":{"provider":"email"}}', '2026-06-30 12:41:01.496653+00', ''),
	('00000000-0000-0000-0000-000000000000', '350f3bcb-64ed-4b10-84c5-0a100e2e6aa9', '{"action":"logout","actor_id":"0b3b5902-bc9d-4245-a36f-bf0b80b418e1","actor_name":"Alexandre Duque de Almeida","actor_username":"alexandre.duque@gmail.com","actor_via_sso":false,"log_type":"account"}', '2026-06-30 12:42:02.511778+00', ''),
	('00000000-0000-0000-0000-000000000000', '44f604d4-9334-467a-8f7c-d561c8d3618b', '{"action":"login","actor_id":"41cf18bd-a62d-49d5-b042-eb22b8401523","actor_name":"Kelly Cerqueira Almeida","actor_username":"kellyfranster@gmail.com","actor_via_sso":false,"log_type":"account","traits":{"provider":"email"}}', '2026-06-30 12:42:05.80964+00', ''),
	('00000000-0000-0000-0000-000000000000', '031a5b24-58fb-415e-8749-cb9e48101bea', '{"action":"logout","actor_id":"41cf18bd-a62d-49d5-b042-eb22b8401523","actor_name":"Kelly Cerqueira Almeida","actor_username":"kellyfranster@gmail.com","actor_via_sso":false,"log_type":"account"}', '2026-06-30 12:43:51.652562+00', ''),
	('00000000-0000-0000-0000-000000000000', 'b85fc014-bae1-4ff1-a173-385b1936327f', '{"action":"login","actor_id":"41cf18bd-a62d-49d5-b042-eb22b8401523","actor_name":"Kelly Cerqueira Almeida","actor_username":"kellyfranster@gmail.com","actor_via_sso":false,"log_type":"account","traits":{"provider":"email"}}', '2026-06-30 12:43:55.131884+00', ''),
	('00000000-0000-0000-0000-000000000000', 'e3a9e728-3bad-448d-993e-4d07f91cfbb3', '{"action":"login","actor_id":"0b3b5902-bc9d-4245-a36f-bf0b80b418e1","actor_name":"Alexandre Duque de Almeida","actor_username":"alexandre.duque@gmail.com","actor_via_sso":false,"log_type":"account","traits":{"provider":"email"}}', '2026-06-30 12:51:41.64084+00', ''),
	('00000000-0000-0000-0000-000000000000', 'd8b85c1b-964e-4ac1-a264-b7bfa78ad5df', '{"action":"login","actor_id":"0b3b5902-bc9d-4245-a36f-bf0b80b418e1","actor_name":"Alexandre Duque de Almeida","actor_username":"alexandre.duque@gmail.com","actor_via_sso":false,"log_type":"account","traits":{"provider":"email"}}', '2026-06-30 13:02:57.374079+00', ''),
	('00000000-0000-0000-0000-000000000000', '96a3cdc8-22f7-429e-ad62-599f430cb14d', '{"action":"logout","actor_id":"41cf18bd-a62d-49d5-b042-eb22b8401523","actor_name":"Kelly Cerqueira Almeida","actor_username":"kellyfranster@gmail.com","actor_via_sso":false,"log_type":"account"}', '2026-06-30 13:34:05.439937+00', ''),
	('00000000-0000-0000-0000-000000000000', '6b94f53d-441f-4b90-92c2-304ea70a22ff', '{"action":"login","actor_id":"0b3b5902-bc9d-4245-a36f-bf0b80b418e1","actor_name":"Alexandre Duque de Almeida","actor_username":"alexandre.duque@gmail.com","actor_via_sso":false,"log_type":"account","traits":{"provider":"email"}}', '2026-06-30 13:34:07.866587+00', ''),
	('00000000-0000-0000-0000-000000000000', '63818f8d-9497-4856-9181-687c09f1d67f', '{"action":"logout","actor_id":"0b3b5902-bc9d-4245-a36f-bf0b80b418e1","actor_name":"Alexandre Duque de Almeida","actor_username":"alexandre.duque@gmail.com","actor_via_sso":false,"log_type":"account"}', '2026-06-30 13:34:54.671303+00', ''),
	('00000000-0000-0000-0000-000000000000', '0123329e-447e-4c62-af9a-576e611aaea5', '{"action":"login","actor_id":"41cf18bd-a62d-49d5-b042-eb22b8401523","actor_name":"Kelly Cerqueira Almeida","actor_username":"kellyfranster@gmail.com","actor_via_sso":false,"log_type":"account","traits":{"provider":"email"}}', '2026-06-30 13:34:56.896419+00', ''),
	('00000000-0000-0000-0000-000000000000', '9d03e3c8-74df-4617-96da-ba92a0cdcaff', '{"action":"logout","actor_id":"41cf18bd-a62d-49d5-b042-eb22b8401523","actor_name":"Kelly Cerqueira Almeida","actor_username":"kellyfranster@gmail.com","actor_via_sso":false,"log_type":"account"}', '2026-06-30 13:40:22.082116+00', ''),
	('00000000-0000-0000-0000-000000000000', '577daf94-a97e-4986-98c8-7617d420c637', '{"action":"login","actor_id":"0b3b5902-bc9d-4245-a36f-bf0b80b418e1","actor_name":"Alexandre Duque de Almeida","actor_username":"alexandre.duque@gmail.com","actor_via_sso":false,"log_type":"account","traits":{"provider":"email"}}', '2026-06-30 14:05:11.118591+00', ''),
	('00000000-0000-0000-0000-000000000000', 'b566392d-5d17-46ca-b9cd-174bfefecc30', '{"action":"login","actor_id":"0b3b5902-bc9d-4245-a36f-bf0b80b418e1","actor_name":"Alexandre Duque de Almeida","actor_username":"alexandre.duque@gmail.com","actor_via_sso":false,"log_type":"account","traits":{"provider":"email"}}', '2026-06-30 14:12:38.988983+00', ''),
	('00000000-0000-0000-0000-000000000000', '6362e6b3-7719-4762-97c2-089e2e051c46', '{"action":"token_refreshed","actor_id":"0b3b5902-bc9d-4245-a36f-bf0b80b418e1","actor_name":"Alexandre Duque de Almeida","actor_username":"alexandre.duque@gmail.com","actor_via_sso":false,"log_type":"token"}', '2026-06-30 15:09:05.938785+00', ''),
	('00000000-0000-0000-0000-000000000000', 'd999d85b-6d87-4b28-97a7-f8ab8527e65c', '{"action":"token_revoked","actor_id":"0b3b5902-bc9d-4245-a36f-bf0b80b418e1","actor_name":"Alexandre Duque de Almeida","actor_username":"alexandre.duque@gmail.com","actor_via_sso":false,"log_type":"token"}', '2026-06-30 15:09:05.940929+00', ''),
	('00000000-0000-0000-0000-000000000000', '97198dee-19ce-40bc-bead-e0379a957c20', '{"action":"token_refreshed","actor_id":"0b3b5902-bc9d-4245-a36f-bf0b80b418e1","actor_name":"Alexandre Duque de Almeida","actor_username":"alexandre.duque@gmail.com","actor_via_sso":false,"log_type":"token"}', '2026-06-30 15:10:56.85857+00', ''),
	('00000000-0000-0000-0000-000000000000', '4e39cada-3acf-46fa-8f61-af4c47a44766', '{"action":"token_revoked","actor_id":"0b3b5902-bc9d-4245-a36f-bf0b80b418e1","actor_name":"Alexandre Duque de Almeida","actor_username":"alexandre.duque@gmail.com","actor_via_sso":false,"log_type":"token"}', '2026-06-30 15:10:56.85974+00', ''),
	('00000000-0000-0000-0000-000000000000', '3446d17c-7363-4049-891e-83ad00b761ea', '{"action":"token_refreshed","actor_id":"0b3b5902-bc9d-4245-a36f-bf0b80b418e1","actor_name":"Alexandre Duque de Almeida","actor_username":"alexandre.duque@gmail.com","actor_via_sso":false,"log_type":"token"}', '2026-06-30 16:08:57.11601+00', ''),
	('00000000-0000-0000-0000-000000000000', '30027505-db8e-4213-af02-acdbbf443eb6', '{"action":"token_revoked","actor_id":"0b3b5902-bc9d-4245-a36f-bf0b80b418e1","actor_name":"Alexandre Duque de Almeida","actor_username":"alexandre.duque@gmail.com","actor_via_sso":false,"log_type":"token"}', '2026-06-30 16:08:57.116641+00', ''),
	('00000000-0000-0000-0000-000000000000', '6c1fe8fe-6951-43b4-aefe-daf4e428a68e', '{"action":"token_refreshed","actor_id":"0b3b5902-bc9d-4245-a36f-bf0b80b418e1","actor_name":"Alexandre Duque de Almeida","actor_username":"alexandre.duque@gmail.com","actor_via_sso":false,"log_type":"token"}', '2026-06-30 17:07:27.090578+00', ''),
	('00000000-0000-0000-0000-000000000000', 'fe855583-abf2-4f8b-be23-87afd15bc67b', '{"action":"token_revoked","actor_id":"0b3b5902-bc9d-4245-a36f-bf0b80b418e1","actor_name":"Alexandre Duque de Almeida","actor_username":"alexandre.duque@gmail.com","actor_via_sso":false,"log_type":"token"}', '2026-06-30 17:07:27.09128+00', ''),
	('00000000-0000-0000-0000-000000000000', 'd494ce4c-ab56-4b52-ab67-b60d496bae33', '{"action":"token_refreshed","actor_id":"0b3b5902-bc9d-4245-a36f-bf0b80b418e1","actor_name":"Alexandre Duque de Almeida","actor_username":"alexandre.duque@gmail.com","actor_via_sso":false,"log_type":"token"}', '2026-06-30 17:31:55.683088+00', ''),
	('00000000-0000-0000-0000-000000000000', 'a2670df1-11d6-4c09-ba0f-9fd5dd05146d', '{"action":"token_revoked","actor_id":"0b3b5902-bc9d-4245-a36f-bf0b80b418e1","actor_name":"Alexandre Duque de Almeida","actor_username":"alexandre.duque@gmail.com","actor_via_sso":false,"log_type":"token"}', '2026-06-30 17:31:55.684007+00', ''),
	('00000000-0000-0000-0000-000000000000', '069b8b01-580e-4df9-8b4e-50e6de692645', '{"action":"token_refreshed","actor_id":"0b3b5902-bc9d-4245-a36f-bf0b80b418e1","actor_name":"Alexandre Duque de Almeida","actor_username":"alexandre.duque@gmail.com","actor_via_sso":false,"log_type":"token"}', '2026-06-30 18:05:57.023778+00', ''),
	('00000000-0000-0000-0000-000000000000', '0509d4d3-059b-4225-aba5-7f398ba5af71', '{"action":"token_revoked","actor_id":"0b3b5902-bc9d-4245-a36f-bf0b80b418e1","actor_name":"Alexandre Duque de Almeida","actor_username":"alexandre.duque@gmail.com","actor_via_sso":false,"log_type":"token"}', '2026-06-30 18:05:57.024512+00', ''),
	('00000000-0000-0000-0000-000000000000', '954b4609-b532-4444-8810-f9cd7f7b4d25', '{"action":"token_refreshed","actor_id":"0b3b5902-bc9d-4245-a36f-bf0b80b418e1","actor_name":"Alexandre Duque de Almeida","actor_username":"alexandre.duque@gmail.com","actor_via_sso":false,"log_type":"token"}', '2026-06-30 19:04:26.935928+00', ''),
	('00000000-0000-0000-0000-000000000000', '4cee9b8f-bb17-4fde-b207-5cbabe9fb811', '{"action":"token_revoked","actor_id":"0b3b5902-bc9d-4245-a36f-bf0b80b418e1","actor_name":"Alexandre Duque de Almeida","actor_username":"alexandre.duque@gmail.com","actor_via_sso":false,"log_type":"token"}', '2026-06-30 19:04:26.937354+00', ''),
	('00000000-0000-0000-0000-000000000000', '50f96fb0-4f18-4138-b75d-50832db2f0fc', '{"action":"token_refreshed","actor_id":"0b3b5902-bc9d-4245-a36f-bf0b80b418e1","actor_name":"Alexandre Duque de Almeida","actor_username":"alexandre.duque@gmail.com","actor_via_sso":false,"log_type":"token"}', '2026-06-30 19:40:30.511868+00', ''),
	('00000000-0000-0000-0000-000000000000', 'a328649d-a9cc-42e7-b09d-5fb744c191b4', '{"action":"token_revoked","actor_id":"0b3b5902-bc9d-4245-a36f-bf0b80b418e1","actor_name":"Alexandre Duque de Almeida","actor_username":"alexandre.duque@gmail.com","actor_via_sso":false,"log_type":"token"}', '2026-06-30 19:40:30.512701+00', ''),
	('00000000-0000-0000-0000-000000000000', 'f7e1687b-e37c-4837-bae0-d587867c9d38', '{"action":"token_refreshed","actor_id":"0b3b5902-bc9d-4245-a36f-bf0b80b418e1","actor_name":"Alexandre Duque de Almeida","actor_username":"alexandre.duque@gmail.com","actor_via_sso":false,"log_type":"token"}', '2026-06-30 20:02:27.035004+00', ''),
	('00000000-0000-0000-0000-000000000000', 'ce534da0-f513-4ea6-8078-0bfe31897dfd', '{"action":"token_revoked","actor_id":"0b3b5902-bc9d-4245-a36f-bf0b80b418e1","actor_name":"Alexandre Duque de Almeida","actor_username":"alexandre.duque@gmail.com","actor_via_sso":false,"log_type":"token"}', '2026-06-30 20:02:27.035713+00', ''),
	('00000000-0000-0000-0000-000000000000', 'abd258b6-dd4b-436f-a2e5-05054b3305c4', '{"action":"logout","actor_id":"0b3b5902-bc9d-4245-a36f-bf0b80b418e1","actor_name":"Alexandre Duque de Almeida","actor_username":"alexandre.duque@gmail.com","actor_via_sso":false,"log_type":"account"}', '2026-06-30 20:50:06.393759+00', ''),
	('00000000-0000-0000-0000-000000000000', 'a0294056-8ff0-4dfa-b3b1-6181d75e18f7', '{"action":"login","actor_id":"41cf18bd-a62d-49d5-b042-eb22b8401523","actor_name":"Kelly Cerqueira Almeida","actor_username":"kellyfranster@gmail.com","actor_via_sso":false,"log_type":"account","traits":{"provider":"email"}}', '2026-06-30 20:50:11.117425+00', ''),
	('00000000-0000-0000-0000-000000000000', '6df9ff8d-3b7d-48a8-8476-01a5efd8f3cb', '{"action":"login","actor_id":"0b3b5902-bc9d-4245-a36f-bf0b80b418e1","actor_name":"Alexandre Duque de Almeida","actor_username":"alexandre.duque@gmail.com","actor_via_sso":false,"log_type":"account","traits":{"provider":"email"}}', '2026-07-01 09:53:07.140853+00', ''),
	('00000000-0000-0000-0000-000000000000', '993b1d5e-e0dc-4184-ac60-265c6f935644', '{"action":"logout","actor_id":"0b3b5902-bc9d-4245-a36f-bf0b80b418e1","actor_name":"Alexandre Duque de Almeida","actor_username":"alexandre.duque@gmail.com","actor_via_sso":false,"log_type":"account"}', '2026-07-01 09:54:07.501481+00', ''),
	('00000000-0000-0000-0000-000000000000', 'a4e4ca56-b8e1-45ad-9413-330088d63888', '{"action":"login","actor_id":"41cf18bd-a62d-49d5-b042-eb22b8401523","actor_name":"Kelly Cerqueira Almeida","actor_username":"kellyfranster@gmail.com","actor_via_sso":false,"log_type":"account","traits":{"provider":"email"}}', '2026-07-01 09:54:14.870352+00', ''),
	('00000000-0000-0000-0000-000000000000', 'ba2b6367-2824-4104-bbac-1f37a5c8273a', '{"action":"token_refreshed","actor_id":"41cf18bd-a62d-49d5-b042-eb22b8401523","actor_name":"Kelly Cerqueira Almeida","actor_username":"kellyfranster@gmail.com","actor_via_sso":false,"log_type":"token"}', '2026-07-01 11:08:46.265689+00', ''),
	('00000000-0000-0000-0000-000000000000', '41a0c7aa-6e25-4fb5-9f1b-91bc8537a25c', '{"action":"token_revoked","actor_id":"41cf18bd-a62d-49d5-b042-eb22b8401523","actor_name":"Kelly Cerqueira Almeida","actor_username":"kellyfranster@gmail.com","actor_via_sso":false,"log_type":"token"}', '2026-07-01 11:08:46.266646+00', ''),
	('00000000-0000-0000-0000-000000000000', 'c6e7f7bd-01c8-48e1-8d73-7e78cd5a195e', '{"action":"logout","actor_id":"41cf18bd-a62d-49d5-b042-eb22b8401523","actor_name":"Kelly Cerqueira Almeida","actor_username":"kellyfranster@gmail.com","actor_via_sso":false,"log_type":"account"}', '2026-07-01 11:08:57.719193+00', ''),
	('00000000-0000-0000-0000-000000000000', 'b6ed00b8-e124-4f1b-bd30-31d68237aad9', '{"action":"login","actor_id":"41cf18bd-a62d-49d5-b042-eb22b8401523","actor_name":"Kelly Cerqueira Almeida","actor_username":"kellyfranster@gmail.com","actor_via_sso":false,"log_type":"account","traits":{"provider":"email"}}', '2026-07-01 11:54:34.739044+00', ''),
	('00000000-0000-0000-0000-000000000000', '5660555e-c6f8-4c2d-872a-1595beb4035d', '{"action":"login","actor_id":"0b3b5902-bc9d-4245-a36f-bf0b80b418e1","actor_name":"Alexandre Duque de Almeida","actor_username":"alexandre.duque@gmail.com","actor_via_sso":false,"log_type":"account","traits":{"provider":"email"}}', '2026-07-01 11:55:04.317662+00', ''),
	('00000000-0000-0000-0000-000000000000', '08b70de2-aa5c-49cc-a888-db9118ca5df2', '{"action":"token_refreshed","actor_id":"0b3b5902-bc9d-4245-a36f-bf0b80b418e1","actor_name":"Alexandre Duque de Almeida","actor_username":"alexandre.duque@gmail.com","actor_via_sso":false,"log_type":"token"}', '2026-07-01 12:53:32.888599+00', ''),
	('00000000-0000-0000-0000-000000000000', 'b7ecb1d3-1141-46ab-9464-fba1a69b70c3', '{"action":"token_revoked","actor_id":"0b3b5902-bc9d-4245-a36f-bf0b80b418e1","actor_name":"Alexandre Duque de Almeida","actor_username":"alexandre.duque@gmail.com","actor_via_sso":false,"log_type":"token"}', '2026-07-01 12:53:32.889227+00', ''),
	('00000000-0000-0000-0000-000000000000', '7eb2e026-18f0-48ff-8f8b-b036e0e1649d', '{"action":"token_refreshed","actor_id":"0b3b5902-bc9d-4245-a36f-bf0b80b418e1","actor_name":"Alexandre Duque de Almeida","actor_username":"alexandre.duque@gmail.com","actor_via_sso":false,"log_type":"token"}', '2026-07-01 14:10:10.721868+00', ''),
	('00000000-0000-0000-0000-000000000000', '214017a1-e233-4ab3-8b14-abb819de3f73', '{"action":"token_revoked","actor_id":"0b3b5902-bc9d-4245-a36f-bf0b80b418e1","actor_name":"Alexandre Duque de Almeida","actor_username":"alexandre.duque@gmail.com","actor_via_sso":false,"log_type":"token"}', '2026-07-01 14:10:10.722802+00', ''),
	('00000000-0000-0000-0000-000000000000', 'e31c493d-13c9-46dc-b858-b2c560f9b1fb', '{"action":"login","actor_id":"0b3b5902-bc9d-4245-a36f-bf0b80b418e1","actor_name":"Alexandre Duque de Almeida","actor_username":"alexandre.duque@gmail.com","actor_via_sso":false,"log_type":"account","traits":{"provider":"email"}}', '2026-07-01 14:14:55.098159+00', ''),
	('00000000-0000-0000-0000-000000000000', '761ef7ca-e125-4d77-870d-f3ed4677bb0a', '{"action":"token_refreshed","actor_id":"41cf18bd-a62d-49d5-b042-eb22b8401523","actor_name":"Kelly Cerqueira Almeida","actor_username":"kellyfranster@gmail.com","actor_via_sso":false,"log_type":"token"}', '2026-07-01 14:17:50.987703+00', ''),
	('00000000-0000-0000-0000-000000000000', '754a2f42-c811-4757-a907-c933dc18978e', '{"action":"token_revoked","actor_id":"41cf18bd-a62d-49d5-b042-eb22b8401523","actor_name":"Kelly Cerqueira Almeida","actor_username":"kellyfranster@gmail.com","actor_via_sso":false,"log_type":"token"}', '2026-07-01 14:17:50.988385+00', ''),
	('00000000-0000-0000-0000-000000000000', 'cf840e3d-13b0-4c75-a5e4-f975b3a8d1db', '{"action":"logout","actor_id":"41cf18bd-a62d-49d5-b042-eb22b8401523","actor_name":"Kelly Cerqueira Almeida","actor_username":"kellyfranster@gmail.com","actor_via_sso":false,"log_type":"account"}', '2026-07-01 14:22:06.312799+00', ''),
	('00000000-0000-0000-0000-000000000000', 'd3d8f2b8-65ff-4083-befd-d1921ec0fa71', '{"action":"login","actor_id":"0b3b5902-bc9d-4245-a36f-bf0b80b418e1","actor_name":"Alexandre Duque de Almeida","actor_username":"alexandre.duque@gmail.com","actor_via_sso":false,"log_type":"account","traits":{"provider":"email"}}', '2026-07-01 14:22:08.473269+00', ''),
	('00000000-0000-0000-0000-000000000000', '1630899c-777b-4032-bdf7-a4313463a653', '{"action":"logout","actor_id":"0b3b5902-bc9d-4245-a36f-bf0b80b418e1","actor_name":"Alexandre Duque de Almeida","actor_username":"alexandre.duque@gmail.com","actor_via_sso":false,"log_type":"account"}', '2026-07-01 14:22:47.411369+00', ''),
	('00000000-0000-0000-0000-000000000000', '8f99d22b-27e1-4f49-bccb-719f54ba12b5', '{"action":"login","actor_id":"0b3b5902-bc9d-4245-a36f-bf0b80b418e1","actor_name":"Alexandre Duque de Almeida","actor_username":"alexandre.duque@gmail.com","actor_via_sso":false,"log_type":"account","traits":{"provider":"email"}}', '2026-07-01 14:23:46.188078+00', ''),
	('00000000-0000-0000-0000-000000000000', '44474147-c182-42c0-a9a3-b49ad2c862f2', '{"action":"login","actor_id":"41cf18bd-a62d-49d5-b042-eb22b8401523","actor_name":"Kelly Cerqueira Almeida","actor_username":"kellyfranster@gmail.com","actor_via_sso":false,"log_type":"account","traits":{"provider":"email"}}', '2026-07-01 14:26:03.678944+00', ''),
	('00000000-0000-0000-0000-000000000000', '479dfa87-e900-48fe-bd1f-2d1ba55f006d', '{"action":"login","actor_id":"0b3b5902-bc9d-4245-a36f-bf0b80b418e1","actor_name":"Alexandre Duque de Almeida","actor_username":"alexandre.duque@gmail.com","actor_via_sso":false,"log_type":"account","traits":{"provider":"email"}}', '2026-07-01 14:34:25.091406+00', ''),
	('00000000-0000-0000-0000-000000000000', '6631aec7-5fdd-4ecf-8c86-67d6cb15a1f5', '{"action":"login","actor_id":"41cf18bd-a62d-49d5-b042-eb22b8401523","actor_name":"Kelly Cerqueira Almeida","actor_username":"kellyfranster@gmail.com","actor_via_sso":false,"log_type":"account","traits":{"provider":"email"}}', '2026-07-01 14:37:00.727488+00', ''),
	('00000000-0000-0000-0000-000000000000', '20b6e140-a46a-4cea-8e66-721d66854467', '{"action":"user_signedup","actor_id":"91291c73-587a-4d9e-a4fc-563a6c5fb255","actor_name":"Douglas Gregorio","actor_username":"douglassgregorio@gmail.com","actor_via_sso":false,"log_type":"team","traits":{"provider":"email"}}', '2026-07-01 15:34:34.876377+00', ''),
	('00000000-0000-0000-0000-000000000000', 'a36cf50f-f8ac-4e22-843c-012082350281', '{"action":"login","actor_id":"91291c73-587a-4d9e-a4fc-563a6c5fb255","actor_name":"Douglas Gregorio","actor_username":"douglassgregorio@gmail.com","actor_via_sso":false,"log_type":"account","traits":{"provider":"email"}}', '2026-07-01 15:34:34.891721+00', ''),
	('00000000-0000-0000-0000-000000000000', '31d4aca8-ce28-4c80-9efc-4175fb6399b2', '{"action":"token_refreshed","actor_id":"0b3b5902-bc9d-4245-a36f-bf0b80b418e1","actor_name":"Alexandre Duque de Almeida","actor_username":"alexandre.duque@gmail.com","actor_via_sso":false,"log_type":"token"}', '2026-07-01 16:35:33.325584+00', ''),
	('00000000-0000-0000-0000-000000000000', 'e1806016-c27c-45bd-b060-43ac4dee1ab7', '{"action":"token_revoked","actor_id":"0b3b5902-bc9d-4245-a36f-bf0b80b418e1","actor_name":"Alexandre Duque de Almeida","actor_username":"alexandre.duque@gmail.com","actor_via_sso":false,"log_type":"token"}', '2026-07-01 16:35:33.326278+00', ''),
	('00000000-0000-0000-0000-000000000000', '3ce63496-5699-4c8a-a08a-444dc42b9f7f', '{"action":"token_refreshed","actor_id":"91291c73-587a-4d9e-a4fc-563a6c5fb255","actor_name":"Douglas Gregorio","actor_username":"douglassgregorio@gmail.com","actor_via_sso":false,"log_type":"token"}', '2026-07-01 16:46:11.167956+00', ''),
	('00000000-0000-0000-0000-000000000000', '98249ee5-b360-4c8d-aee7-ac96245fdf13', '{"action":"token_revoked","actor_id":"91291c73-587a-4d9e-a4fc-563a6c5fb255","actor_name":"Douglas Gregorio","actor_username":"douglassgregorio@gmail.com","actor_via_sso":false,"log_type":"token"}', '2026-07-01 16:46:11.168736+00', ''),
	('00000000-0000-0000-0000-000000000000', '000b9ee0-2136-4101-9d65-e7bb57f38fae', '{"action":"login","actor_id":"0b3b5902-bc9d-4245-a36f-bf0b80b418e1","actor_name":"Alexandre Duque de Almeida","actor_username":"alexandre.duque@gmail.com","actor_via_sso":false,"log_type":"account","traits":{"provider":"email"}}', '2026-07-01 18:37:46.103047+00', ''),
	('00000000-0000-0000-0000-000000000000', 'fce6b499-d008-4d2b-92af-320c8d36a2ae', '{"action":"login","actor_id":"0b3b5902-bc9d-4245-a36f-bf0b80b418e1","actor_name":"Alexandre Duque de Almeida","actor_username":"alexandre.duque@gmail.com","actor_via_sso":false,"log_type":"account","traits":{"provider":"email"}}', '2026-07-01 19:20:12.113852+00', ''),
	('00000000-0000-0000-0000-000000000000', '72e96f47-ca50-4f33-94da-fa70d1bde043', '{"action":"token_refreshed","actor_id":"0b3b5902-bc9d-4245-a36f-bf0b80b418e1","actor_name":"Alexandre Duque de Almeida","actor_username":"alexandre.duque@gmail.com","actor_via_sso":false,"log_type":"token"}', '2026-07-01 19:41:05.225035+00', ''),
	('00000000-0000-0000-0000-000000000000', '423b9081-16e0-4a2b-aea6-749fc9b5216f', '{"action":"token_revoked","actor_id":"0b3b5902-bc9d-4245-a36f-bf0b80b418e1","actor_name":"Alexandre Duque de Almeida","actor_username":"alexandre.duque@gmail.com","actor_via_sso":false,"log_type":"token"}', '2026-07-01 19:41:05.227194+00', ''),
	('00000000-0000-0000-0000-000000000000', 'e89e277d-9a81-41bd-bc22-e553a2b28090', '{"action":"token_refreshed","actor_id":"0b3b5902-bc9d-4245-a36f-bf0b80b418e1","actor_name":"Alexandre Duque de Almeida","actor_username":"alexandre.duque@gmail.com","actor_via_sso":false,"log_type":"token"}', '2026-07-01 19:41:32.504256+00', ''),
	('00000000-0000-0000-0000-000000000000', 'bde5e0f3-7edf-42e5-b581-80b67a521c19', '{"action":"token_revoked","actor_id":"0b3b5902-bc9d-4245-a36f-bf0b80b418e1","actor_name":"Alexandre Duque de Almeida","actor_username":"alexandre.duque@gmail.com","actor_via_sso":false,"log_type":"token"}', '2026-07-01 19:41:32.505028+00', ''),
	('00000000-0000-0000-0000-000000000000', '4d9f58d2-d6b5-44a1-a276-9c65d26eb20d', '{"action":"logout","actor_id":"0b3b5902-bc9d-4245-a36f-bf0b80b418e1","actor_name":"Alexandre Duque de Almeida","actor_username":"alexandre.duque@gmail.com","actor_via_sso":false,"log_type":"account"}', '2026-07-01 19:42:06.064803+00', ''),
	('00000000-0000-0000-0000-000000000000', '9820044a-43d5-4edb-b19f-996ac19bd90b', '{"action":"login","actor_id":"0b3b5902-bc9d-4245-a36f-bf0b80b418e1","actor_name":"Alexandre Duque de Almeida","actor_username":"alexandre.duque@gmail.com","actor_via_sso":false,"log_type":"account","traits":{"provider":"email"}}', '2026-07-01 19:42:49.738816+00', ''),
	('00000000-0000-0000-0000-000000000000', 'd24416f9-43ea-4da4-91cd-d7060127c825', '{"action":"login","actor_id":"0b3b5902-bc9d-4245-a36f-bf0b80b418e1","actor_name":"Alexandre Duque de Almeida","actor_username":"alexandre.duque@gmail.com","actor_via_sso":false,"log_type":"account","traits":{"provider":"email"}}', '2026-07-01 19:46:32.180709+00', ''),
	('00000000-0000-0000-0000-000000000000', '672265dd-5245-4e44-b4b5-b416b3f9593a', '{"action":"logout","actor_id":"0b3b5902-bc9d-4245-a36f-bf0b80b418e1","actor_name":"Alexandre Duque de Almeida","actor_username":"alexandre.duque@gmail.com","actor_via_sso":false,"log_type":"account"}', '2026-07-01 19:48:08.377243+00', ''),
	('00000000-0000-0000-0000-000000000000', '51748671-a990-48be-a9cf-d3881dcd7b1f', '{"action":"login","actor_id":"41cf18bd-a62d-49d5-b042-eb22b8401523","actor_name":"Kelly Cerqueira Almeida","actor_username":"kellyfranster@gmail.com","actor_via_sso":false,"log_type":"account","traits":{"provider":"email"}}', '2026-07-01 19:48:19.256617+00', ''),
	('00000000-0000-0000-0000-000000000000', '979acf74-0440-4ab9-9b8e-5c4590fc8fda', '{"action":"logout","actor_id":"41cf18bd-a62d-49d5-b042-eb22b8401523","actor_name":"Kelly Cerqueira Almeida","actor_username":"kellyfranster@gmail.com","actor_via_sso":false,"log_type":"account"}', '2026-07-01 19:51:34.528456+00', ''),
	('00000000-0000-0000-0000-000000000000', '1893a079-4567-4770-826e-6dadd8d2cfb1', '{"action":"login","actor_id":"0b3b5902-bc9d-4245-a36f-bf0b80b418e1","actor_name":"Alexandre Duque de Almeida","actor_username":"alexandre.duque@gmail.com","actor_via_sso":false,"log_type":"account","traits":{"provider":"email"}}', '2026-07-01 19:51:49.632137+00', ''),
	('00000000-0000-0000-0000-000000000000', '2e212e5e-f2c4-4175-9d2c-fed13471e12c', '{"action":"login","actor_id":"0b3b5902-bc9d-4245-a36f-bf0b80b418e1","actor_name":"Alexandre Duque de Almeida","actor_username":"alexandre.duque@gmail.com","actor_via_sso":false,"log_type":"account","traits":{"provider":"email"}}', '2026-07-02 10:06:24.669971+00', ''),
	('00000000-0000-0000-0000-000000000000', '319ad4ba-9884-497b-ab0d-2952a5c70a56', '{"action":"user_signedup","actor_id":"e807a137-a35c-4814-898a-ce5273cb293f","actor_name":"Test User","actor_username":"testuser@example.com","actor_via_sso":false,"log_type":"team","traits":{"provider":"email"}}', '2026-07-02 10:37:49.109312+00', ''),
	('00000000-0000-0000-0000-000000000000', 'ad12590d-4539-4d15-b816-f1e2482ed338', '{"action":"login","actor_id":"e807a137-a35c-4814-898a-ce5273cb293f","actor_name":"Test User","actor_username":"testuser@example.com","actor_via_sso":false,"log_type":"account","traits":{"provider":"email"}}', '2026-07-02 10:37:49.135235+00', ''),
	('00000000-0000-0000-0000-000000000000', 'd1852fee-675b-43b9-a390-ce14578cbfa9', '{"action":"user_signedup","actor_id":"54fe2d54-b1a5-48cc-9df9-e972ebe5baf2","actor_name":"Test User","actor_username":"testuser_unique_999@gmail.com","actor_via_sso":false,"log_type":"team","traits":{"provider":"email"}}', '2026-07-02 10:38:20.004433+00', ''),
	('00000000-0000-0000-0000-000000000000', '43be3306-b468-430f-a8dd-1b2a4afbdc34', '{"action":"login","actor_id":"54fe2d54-b1a5-48cc-9df9-e972ebe5baf2","actor_name":"Test User","actor_username":"testuser_unique_999@gmail.com","actor_via_sso":false,"log_type":"account","traits":{"provider":"email"}}', '2026-07-02 10:38:20.016662+00', ''),
	('00000000-0000-0000-0000-000000000000', '749eb9c1-bedf-4440-baac-41f7866c2bdb', '{"action":"login","actor_id":"54fe2d54-b1a5-48cc-9df9-e972ebe5baf2","actor_name":"Test User","actor_username":"testuser_unique_999@gmail.com","actor_via_sso":false,"log_type":"account","traits":{"provider":"email"}}', '2026-07-02 10:38:33.90206+00', ''),
	('00000000-0000-0000-0000-000000000000', '43cb24ef-b749-4a7b-872f-b13f453cacbe', '{"action":"login","actor_id":"0b3b5902-bc9d-4245-a36f-bf0b80b418e1","actor_name":"Alexandre Duque de Almeida","actor_username":"alexandre.duque@gmail.com","actor_via_sso":false,"log_type":"account","traits":{"provider":"email"}}', '2026-07-02 10:41:36.857802+00', ''),
	('00000000-0000-0000-0000-000000000000', '944b7d6c-818e-46f3-ada0-c529ecb494ce', '{"action":"token_refreshed","actor_id":"0b3b5902-bc9d-4245-a36f-bf0b80b418e1","actor_name":"Alexandre Duque de Almeida","actor_username":"alexandre.duque@gmail.com","actor_via_sso":false,"log_type":"token"}', '2026-07-02 12:14:14.042872+00', ''),
	('00000000-0000-0000-0000-000000000000', 'f6acea65-3a71-4120-a913-058158f3c58d', '{"action":"token_revoked","actor_id":"0b3b5902-bc9d-4245-a36f-bf0b80b418e1","actor_name":"Alexandre Duque de Almeida","actor_username":"alexandre.duque@gmail.com","actor_via_sso":false,"log_type":"token"}', '2026-07-02 12:14:14.043982+00', ''),
	('00000000-0000-0000-0000-000000000000', 'f566c081-56e8-4aa6-9899-ec5ac7bf3c32', '{"action":"logout","actor_id":"0b3b5902-bc9d-4245-a36f-bf0b80b418e1","actor_name":"Alexandre Duque de Almeida","actor_username":"alexandre.duque@gmail.com","actor_via_sso":false,"log_type":"account"}', '2026-07-02 12:14:24.071437+00', ''),
	('00000000-0000-0000-0000-000000000000', '28c8fcdb-5f48-43b0-b53c-1bd62e6bd347', '{"action":"login","actor_id":"0b3b5902-bc9d-4245-a36f-bf0b80b418e1","actor_name":"Alexandre Duque de Almeida","actor_username":"alexandre.duque@gmail.com","actor_via_sso":false,"log_type":"account","traits":{"provider":"email"}}', '2026-07-02 12:14:50.492522+00', ''),
	('00000000-0000-0000-0000-000000000000', 'a4b01671-36a0-41db-80ed-d882be565ebe', '{"action":"token_refreshed","actor_id":"0b3b5902-bc9d-4245-a36f-bf0b80b418e1","actor_name":"Alexandre Duque de Almeida","actor_username":"alexandre.duque@gmail.com","actor_via_sso":false,"log_type":"token"}', '2026-07-02 13:23:00.613695+00', ''),
	('00000000-0000-0000-0000-000000000000', '288f7e8e-57c4-450f-a3fe-a3031a0dcc8e', '{"action":"token_revoked","actor_id":"0b3b5902-bc9d-4245-a36f-bf0b80b418e1","actor_name":"Alexandre Duque de Almeida","actor_username":"alexandre.duque@gmail.com","actor_via_sso":false,"log_type":"token"}', '2026-07-02 13:23:00.614457+00', ''),
	('00000000-0000-0000-0000-000000000000', '37d3be06-6455-47b9-984e-2db49e99dbfe', '{"action":"token_refreshed","actor_id":"0b3b5902-bc9d-4245-a36f-bf0b80b418e1","actor_name":"Alexandre Duque de Almeida","actor_username":"alexandre.duque@gmail.com","actor_via_sso":false,"log_type":"token"}', '2026-07-02 14:25:14.270909+00', ''),
	('00000000-0000-0000-0000-000000000000', '2a84a165-e017-47d8-8013-c7e526ea865b', '{"action":"token_revoked","actor_id":"0b3b5902-bc9d-4245-a36f-bf0b80b418e1","actor_name":"Alexandre Duque de Almeida","actor_username":"alexandre.duque@gmail.com","actor_via_sso":false,"log_type":"token"}', '2026-07-02 14:25:14.275681+00', ''),
	('00000000-0000-0000-0000-000000000000', '0a4f0d49-4e14-4cd1-9fff-5abb1aaf2279', '{"action":"token_refreshed","actor_id":"0b3b5902-bc9d-4245-a36f-bf0b80b418e1","actor_name":"Alexandre Duque de Almeida","actor_username":"alexandre.duque@gmail.com","actor_via_sso":false,"log_type":"token"}', '2026-07-02 15:23:51.381005+00', ''),
	('00000000-0000-0000-0000-000000000000', '2eb27286-5d15-4b77-aec1-28b5a18035b6', '{"action":"token_revoked","actor_id":"0b3b5902-bc9d-4245-a36f-bf0b80b418e1","actor_name":"Alexandre Duque de Almeida","actor_username":"alexandre.duque@gmail.com","actor_via_sso":false,"log_type":"token"}', '2026-07-02 15:23:51.381832+00', ''),
	('00000000-0000-0000-0000-000000000000', 'c66f707d-a7ce-46a7-b45e-45e8b706db2b', '{"action":"token_refreshed","actor_id":"0b3b5902-bc9d-4245-a36f-bf0b80b418e1","actor_name":"Alexandre Duque de Almeida","actor_username":"alexandre.duque@gmail.com","actor_via_sso":false,"log_type":"token"}', '2026-07-02 17:12:39.406104+00', ''),
	('00000000-0000-0000-0000-000000000000', '3be8014c-5e8b-451d-b029-fc7bee87ab88', '{"action":"token_revoked","actor_id":"0b3b5902-bc9d-4245-a36f-bf0b80b418e1","actor_name":"Alexandre Duque de Almeida","actor_username":"alexandre.duque@gmail.com","actor_via_sso":false,"log_type":"token"}', '2026-07-02 17:12:39.407375+00', ''),
	('00000000-0000-0000-0000-000000000000', 'd40e2d95-fbf7-433a-b302-1360bd2d6136', '{"action":"token_refreshed","actor_id":"91291c73-587a-4d9e-a4fc-563a6c5fb255","actor_name":"Douglas Gregorio","actor_username":"douglassgregorio@gmail.com","actor_via_sso":false,"log_type":"token"}', '2026-07-02 17:19:43.876024+00', ''),
	('00000000-0000-0000-0000-000000000000', '5c82cda5-76ee-44c5-a67e-b1ac655401b2', '{"action":"token_revoked","actor_id":"91291c73-587a-4d9e-a4fc-563a6c5fb255","actor_name":"Douglas Gregorio","actor_username":"douglassgregorio@gmail.com","actor_via_sso":false,"log_type":"token"}', '2026-07-02 17:19:43.876717+00', ''),
	('00000000-0000-0000-0000-000000000000', '81a14b10-4b31-4874-a2a6-2b0402653f73', '{"action":"logout","actor_id":"0b3b5902-bc9d-4245-a36f-bf0b80b418e1","actor_name":"Alexandre Duque de Almeida","actor_username":"alexandre.duque@gmail.com","actor_via_sso":false,"log_type":"account"}', '2026-07-02 17:28:06.874246+00', ''),
	('00000000-0000-0000-0000-000000000000', '058c0d7a-0160-4db8-a66a-e729be7365e2', '{"action":"user_signedup","actor_id":"dd0fb9f0-64ee-42c8-9930-c3ae1818c65a","actor_name":"Twste","actor_username":"teste@twsts","actor_via_sso":false,"log_type":"team","traits":{"provider":"email"}}', '2026-07-02 17:28:26.301724+00', ''),
	('00000000-0000-0000-0000-000000000000', 'ead1e074-9f36-4ffe-9f39-9ddff4144184', '{"action":"login","actor_id":"dd0fb9f0-64ee-42c8-9930-c3ae1818c65a","actor_name":"Twste","actor_username":"teste@twsts","actor_via_sso":false,"log_type":"account","traits":{"provider":"email"}}', '2026-07-02 17:28:26.333384+00', ''),
	('00000000-0000-0000-0000-000000000000', '700a8a28-d535-4233-92df-7f6952b1614d', '{"action":"login","actor_id":"dd0fb9f0-64ee-42c8-9930-c3ae1818c65a","actor_name":"Twste","actor_username":"teste@twsts","actor_via_sso":false,"log_type":"account","traits":{"provider":"email"}}', '2026-07-02 17:28:30.015328+00', ''),
	('00000000-0000-0000-0000-000000000000', '47f899a9-e77b-4ed6-add0-20514130e680', '{"action":"login","actor_id":"0b3b5902-bc9d-4245-a36f-bf0b80b418e1","actor_name":"Alexandre Duque de Almeida","actor_username":"alexandre.duque@gmail.com","actor_via_sso":false,"log_type":"account","traits":{"provider":"email"}}', '2026-07-02 17:45:01.85661+00', ''),
	('00000000-0000-0000-0000-000000000000', '0b1929b9-4270-40c5-a26c-df6d0a0ddcca', '{"action":"logout","actor_id":"0b3b5902-bc9d-4245-a36f-bf0b80b418e1","actor_name":"Alexandre Duque de Almeida","actor_username":"alexandre.duque@gmail.com","actor_via_sso":false,"log_type":"account"}', '2026-07-02 18:05:19.913073+00', ''),
	('00000000-0000-0000-0000-000000000000', 'e0519568-a063-4f49-96be-dfdc29a1166e', '{"action":"login","actor_id":"0b3b5902-bc9d-4245-a36f-bf0b80b418e1","actor_name":"Alexandre Duque de Almeida","actor_username":"alexandre.duque@gmail.com","actor_via_sso":false,"log_type":"account","traits":{"provider":"email"}}', '2026-07-02 18:06:50.527356+00', ''),
	('00000000-0000-0000-0000-000000000000', '00efdab8-5c92-4c03-9793-a8f0a8e19972', '{"action":"logout","actor_id":"0b3b5902-bc9d-4245-a36f-bf0b80b418e1","actor_name":"Alexandre Duque de Almeida","actor_username":"alexandre.duque@gmail.com","actor_via_sso":false,"log_type":"account"}', '2026-07-02 18:20:50.877554+00', ''),
	('00000000-0000-0000-0000-000000000000', '54fd9ddf-7b69-4221-ac3b-052b5a6574ae', '{"action":"login","actor_id":"0b3b5902-bc9d-4245-a36f-bf0b80b418e1","actor_name":"Alexandre Duque de Almeida","actor_username":"alexandre.duque@gmail.com","actor_via_sso":false,"log_type":"account","traits":{"provider":"email"}}', '2026-07-02 18:22:02.983517+00', ''),
	('00000000-0000-0000-0000-000000000000', '1df1ed00-6531-4dc9-b1a6-68e9034c804b', '{"action":"logout","actor_id":"0b3b5902-bc9d-4245-a36f-bf0b80b418e1","actor_name":"Alexandre Duque de Almeida","actor_username":"alexandre.duque@gmail.com","actor_via_sso":false,"log_type":"account"}', '2026-07-02 18:22:45.011958+00', ''),
	('00000000-0000-0000-0000-000000000000', '4c856fc5-214e-4790-9299-446b96ae21c6', '{"action":"login","actor_id":"0b3b5902-bc9d-4245-a36f-bf0b80b418e1","actor_name":"Alexandre Duque de Almeida","actor_username":"alexandre.duque@gmail.com","actor_via_sso":false,"log_type":"account","traits":{"provider":"email"}}', '2026-07-02 18:22:52.585701+00', ''),
	('00000000-0000-0000-0000-000000000000', '746db13c-7852-4981-bc63-309f1097b6ea', '{"action":"logout","actor_id":"0b3b5902-bc9d-4245-a36f-bf0b80b418e1","actor_name":"Alexandre Duque de Almeida","actor_username":"alexandre.duque@gmail.com","actor_via_sso":false,"log_type":"account"}', '2026-07-02 18:23:26.408934+00', ''),
	('00000000-0000-0000-0000-000000000000', '662bc392-152e-4afe-9a18-35a699cb0bf0', '{"action":"login","actor_id":"41cf18bd-a62d-49d5-b042-eb22b8401523","actor_name":"Kelly Cerqueira Almeida","actor_username":"kellyfranster@gmail.com","actor_via_sso":false,"log_type":"account","traits":{"provider":"email"}}', '2026-07-02 18:23:42.829429+00', ''),
	('00000000-0000-0000-0000-000000000000', 'fb22b1d5-0804-4453-9e91-15a6c5034722', '{"action":"logout","actor_id":"41cf18bd-a62d-49d5-b042-eb22b8401523","actor_name":"Kelly Cerqueira Almeida","actor_username":"kellyfranster@gmail.com","actor_via_sso":false,"log_type":"account"}', '2026-07-02 18:25:32.82098+00', ''),
	('00000000-0000-0000-0000-000000000000', '53d9c76d-c5aa-41ce-a10d-c1db550ecd63', '{"action":"login","actor_id":"0b3b5902-bc9d-4245-a36f-bf0b80b418e1","actor_name":"Alexandre Duque de Almeida","actor_username":"alexandre.duque@gmail.com","actor_via_sso":false,"log_type":"account","traits":{"provider":"email"}}', '2026-07-02 18:25:34.817565+00', ''),
	('00000000-0000-0000-0000-000000000000', '44228843-8aba-4f9a-b838-20d02e2be537', '{"action":"login","actor_id":"41cf18bd-a62d-49d5-b042-eb22b8401523","actor_name":"Kelly Cerqueira Almeida","actor_username":"kellyfranster@gmail.com","actor_via_sso":false,"log_type":"account","traits":{"provider":"email"}}', '2026-07-02 18:36:42.606776+00', ''),
	('00000000-0000-0000-0000-000000000000', '965cc545-93bb-4dd8-9b65-d3360a6d2c29', '{"action":"login","actor_id":"0b3b5902-bc9d-4245-a36f-bf0b80b418e1","actor_name":"Alexandre Duque de Almeida","actor_username":"alexandre.duque@gmail.com","actor_via_sso":false,"log_type":"account","traits":{"provider":"email"}}', '2026-07-02 19:02:56.911256+00', ''),
	('00000000-0000-0000-0000-000000000000', '176283ca-40ef-4db6-b04d-ee5ed87ee495', '{"action":"logout","actor_id":"0b3b5902-bc9d-4245-a36f-bf0b80b418e1","actor_name":"Alexandre Duque de Almeida","actor_username":"alexandre.duque@gmail.com","actor_via_sso":false,"log_type":"account"}', '2026-07-02 19:17:55.3987+00', ''),
	('00000000-0000-0000-0000-000000000000', 'd4ca2abf-443c-4140-a587-02dad38b57cc', '{"action":"login","actor_id":"41cf18bd-a62d-49d5-b042-eb22b8401523","actor_name":"Kelly Cerqueira Almeida","actor_username":"kellyfranster@gmail.com","actor_via_sso":false,"log_type":"account","traits":{"provider":"email"}}', '2026-07-02 19:17:58.603649+00', ''),
	('00000000-0000-0000-0000-000000000000', 'b32b0dd8-f5cb-4db9-8ded-3cc7a046e630', '{"action":"login","actor_id":"0b3b5902-bc9d-4245-a36f-bf0b80b418e1","actor_name":"Alexandre Duque de Almeida","actor_username":"alexandre.duque@gmail.com","actor_via_sso":false,"log_type":"account","traits":{"provider":"email"}}', '2026-07-02 19:24:13.301932+00', ''),
	('00000000-0000-0000-0000-000000000000', '94f7d192-78b7-44fa-9745-cf710848794a', '{"action":"logout","actor_id":"41cf18bd-a62d-49d5-b042-eb22b8401523","actor_name":"Kelly Cerqueira Almeida","actor_username":"kellyfranster@gmail.com","actor_via_sso":false,"log_type":"account"}', '2026-07-02 20:00:07.586077+00', ''),
	('00000000-0000-0000-0000-000000000000', '5b377445-bac0-46c2-9ef2-afb411db9af6', '{"action":"user_signedup","actor_id":"5b89eab5-849b-473d-a06a-2634f58560b0","actor_name":"Jaoao","actor_username":"admin@electrosal.com","actor_via_sso":false,"log_type":"team","traits":{"provider":"email"}}', '2026-07-02 20:00:35.780915+00', ''),
	('00000000-0000-0000-0000-000000000000', '2a6e48c9-0834-4c14-a9d8-685403f1a6ee', '{"action":"login","actor_id":"5b89eab5-849b-473d-a06a-2634f58560b0","actor_name":"Jaoao","actor_username":"admin@electrosal.com","actor_via_sso":false,"log_type":"account","traits":{"provider":"email"}}', '2026-07-02 20:00:35.884664+00', ''),
	('00000000-0000-0000-0000-000000000000', '32069ce4-b2ca-479b-8f1e-c0f467cbdb53', '{"action":"login","actor_id":"5b89eab5-849b-473d-a06a-2634f58560b0","actor_name":"Jaoao","actor_username":"admin@electrosal.com","actor_via_sso":false,"log_type":"account","traits":{"provider":"email"}}', '2026-07-02 20:00:42.703562+00', ''),
	('00000000-0000-0000-0000-000000000000', '1df54abd-1f70-4c09-a3a8-0b1f5cf3d633', '{"action":"logout","actor_id":"5b89eab5-849b-473d-a06a-2634f58560b0","actor_name":"Jaoao","actor_username":"admin@electrosal.com","actor_via_sso":false,"log_type":"account"}', '2026-07-02 20:02:18.596546+00', ''),
	('00000000-0000-0000-0000-000000000000', 'b08c42eb-09ea-403b-8e22-dfab194399fe', '{"action":"login","actor_id":"0b3b5902-bc9d-4245-a36f-bf0b80b418e1","actor_name":"Alexandre Duque de Almeida","actor_username":"alexandre.duque@gmail.com","actor_via_sso":false,"log_type":"account","traits":{"provider":"email"}}', '2026-07-02 20:02:40.865928+00', ''),
	('00000000-0000-0000-0000-000000000000', '78c1e98b-0285-4410-b0c2-ee4d229bf224', '{"action":"login","actor_id":"0b3b5902-bc9d-4245-a36f-bf0b80b418e1","actor_name":"Alexandre Duque de Almeida","actor_username":"alexandre.duque@gmail.com","actor_via_sso":false,"log_type":"account","traits":{"provider":"email"}}', '2026-07-02 20:30:19.682224+00', ''),
	('00000000-0000-0000-0000-000000000000', 'd070c2e4-2c23-435a-9d74-b18cd7edb1c4', '{"action":"logout","actor_id":"0b3b5902-bc9d-4245-a36f-bf0b80b418e1","actor_name":"Alexandre Duque de Almeida","actor_username":"alexandre.duque@gmail.com","actor_via_sso":false,"log_type":"account"}', '2026-07-02 20:30:41.504764+00', ''),
	('00000000-0000-0000-0000-000000000000', '8440e4e8-3cae-46a2-87d6-c4bcce0005c0', '{"action":"login","actor_id":"0b3b5902-bc9d-4245-a36f-bf0b80b418e1","actor_name":"Alexandre Duque de Almeida","actor_username":"alexandre.duque@gmail.com","actor_via_sso":false,"log_type":"account","traits":{"provider":"email"}}', '2026-07-02 20:31:01.904018+00', ''),
	('00000000-0000-0000-0000-000000000000', '5b05d966-8843-4474-94a1-c69bea4d6cf6', '{"action":"token_refreshed","actor_id":"0b3b5902-bc9d-4245-a36f-bf0b80b418e1","actor_name":"Alexandre Duque de Almeida","actor_username":"alexandre.duque@gmail.com","actor_via_sso":false,"log_type":"token"}', '2026-07-02 22:10:43.216346+00', ''),
	('00000000-0000-0000-0000-000000000000', '10a2a36b-a141-43c2-8f55-a10205e70dcc', '{"action":"token_revoked","actor_id":"0b3b5902-bc9d-4245-a36f-bf0b80b418e1","actor_name":"Alexandre Duque de Almeida","actor_username":"alexandre.duque@gmail.com","actor_via_sso":false,"log_type":"token"}', '2026-07-02 22:10:43.217311+00', ''),
	('00000000-0000-0000-0000-000000000000', 'e18e041e-fb7e-4317-a4b7-e96b87a748f7', '{"action":"token_refreshed","actor_id":"0b3b5902-bc9d-4245-a36f-bf0b80b418e1","actor_name":"Alexandre Duque de Almeida","actor_username":"alexandre.duque@gmail.com","actor_via_sso":false,"log_type":"token"}', '2026-07-03 09:34:49.319878+00', ''),
	('00000000-0000-0000-0000-000000000000', 'c31a0ce3-84fe-4821-a5fc-9e89d9dce2e9', '{"action":"token_revoked","actor_id":"0b3b5902-bc9d-4245-a36f-bf0b80b418e1","actor_name":"Alexandre Duque de Almeida","actor_username":"alexandre.duque@gmail.com","actor_via_sso":false,"log_type":"token"}', '2026-07-03 09:34:49.37338+00', ''),
	('00000000-0000-0000-0000-000000000000', '9ac1020b-c1f7-419f-acc8-f3b9f3656e74', '{"action":"token_refreshed","actor_id":"0b3b5902-bc9d-4245-a36f-bf0b80b418e1","actor_name":"Alexandre Duque de Almeida","actor_username":"alexandre.duque@gmail.com","actor_via_sso":false,"log_type":"token"}', '2026-07-03 11:08:34.314877+00', ''),
	('00000000-0000-0000-0000-000000000000', '0df890ca-12ed-4f33-a29c-e481280c0633', '{"action":"token_revoked","actor_id":"0b3b5902-bc9d-4245-a36f-bf0b80b418e1","actor_name":"Alexandre Duque de Almeida","actor_username":"alexandre.duque@gmail.com","actor_via_sso":false,"log_type":"token"}', '2026-07-03 11:08:34.315709+00', ''),
	('00000000-0000-0000-0000-000000000000', '6b4a5db5-994e-4195-b0e0-be38119b117e', '{"action":"login","actor_id":"0b3b5902-bc9d-4245-a36f-bf0b80b418e1","actor_name":"Alexandre Duque de Almeida","actor_username":"alexandre.duque@gmail.com","actor_via_sso":false,"log_type":"account","traits":{"provider":"email"}}', '2026-07-03 11:18:07.02122+00', ''),
	('00000000-0000-0000-0000-000000000000', '4bf29f3d-41f7-4883-945d-8774c5010b38', '{"action":"login","actor_id":"0b3b5902-bc9d-4245-a36f-bf0b80b418e1","actor_name":"Alexandre Duque de Almeida","actor_username":"alexandre.duque@gmail.com","actor_via_sso":false,"log_type":"account","traits":{"provider":"email"}}', '2026-07-03 11:22:00.326538+00', ''),
	('00000000-0000-0000-0000-000000000000', 'b428da9d-0bae-4a84-919e-0719cc48ed3e', '{"action":"logout","actor_id":"0b3b5902-bc9d-4245-a36f-bf0b80b418e1","actor_name":"Alexandre Duque de Almeida","actor_username":"alexandre.duque@gmail.com","actor_via_sso":false,"log_type":"account"}', '2026-07-03 11:59:17.974922+00', ''),
	('00000000-0000-0000-0000-000000000000', '2a620e2e-9877-4491-b1d7-60c9d4b8732a', '{"action":"login","actor_id":"0b3b5902-bc9d-4245-a36f-bf0b80b418e1","actor_name":"Alexandre Duque de Almeida","actor_username":"alexandre.duque@gmail.com","actor_via_sso":false,"log_type":"account","traits":{"provider":"email"}}', '2026-07-03 11:59:38.173386+00', ''),
	('00000000-0000-0000-0000-000000000000', '9c21d459-5d04-4937-bc63-92e581a434e6', '{"action":"login","actor_id":"0b3b5902-bc9d-4245-a36f-bf0b80b418e1","actor_name":"Alexandre Duque de Almeida","actor_username":"alexandre.duque@gmail.com","actor_via_sso":false,"log_type":"account","traits":{"provider":"email"}}', '2026-07-03 12:14:58.604502+00', ''),
	('00000000-0000-0000-0000-000000000000', '93adecf7-3315-463c-b225-64cbb7cddf21', '{"action":"logout","actor_id":"0b3b5902-bc9d-4245-a36f-bf0b80b418e1","actor_name":"Alexandre Duque de Almeida","actor_username":"alexandre.duque@gmail.com","actor_via_sso":false,"log_type":"account"}', '2026-07-03 12:34:36.574271+00', ''),
	('00000000-0000-0000-0000-000000000000', '5e4e19dc-c2cd-42db-9808-7b6134aa6ed5', '{"action":"login","actor_id":"0b3b5902-bc9d-4245-a36f-bf0b80b418e1","actor_name":"Alexandre Duque de Almeida","actor_username":"alexandre.duque@gmail.com","actor_via_sso":false,"log_type":"account","traits":{"provider":"email"}}', '2026-07-03 12:35:01.081067+00', ''),
	('00000000-0000-0000-0000-000000000000', 'b1c29b21-0c6f-47c4-9266-f9108c182d96', '{"action":"login","actor_id":"0b3b5902-bc9d-4245-a36f-bf0b80b418e1","actor_name":"Alexandre Duque de Almeida","actor_username":"alexandre.duque@gmail.com","actor_via_sso":false,"log_type":"account","traits":{"provider":"email"}}', '2026-07-03 12:35:39.49218+00', ''),
	('00000000-0000-0000-0000-000000000000', 'e90a3a37-a0cb-4b86-8e04-997f13af5160', '{"action":"login","actor_id":"0b3b5902-bc9d-4245-a36f-bf0b80b418e1","actor_name":"Alexandre Duque de Almeida","actor_username":"alexandre.duque@gmail.com","actor_via_sso":false,"log_type":"account","traits":{"provider":"email"}}', '2026-07-03 12:38:07.680716+00', ''),
	('00000000-0000-0000-0000-000000000000', '4d0fbdd7-7b48-4b98-9828-e6501e5ea7bd', '{"action":"logout","actor_id":"0b3b5902-bc9d-4245-a36f-bf0b80b418e1","actor_name":"Alexandre Duque de Almeida","actor_username":"alexandre.duque@gmail.com","actor_via_sso":false,"log_type":"account"}', '2026-07-03 13:15:33.170621+00', ''),
	('00000000-0000-0000-0000-000000000000', 'ee2cee28-edb6-4823-b089-42c220244357', '{"action":"login","actor_id":"41cf18bd-a62d-49d5-b042-eb22b8401523","actor_name":"Kelly Cerqueira Almeida","actor_username":"kellyfranster@gmail.com","actor_via_sso":false,"log_type":"account","traits":{"provider":"email"}}', '2026-07-03 13:15:36.687645+00', ''),
	('00000000-0000-0000-0000-000000000000', '5e0ef286-4e37-4e93-ac48-24f0beeb0fa9', '{"action":"logout","actor_id":"41cf18bd-a62d-49d5-b042-eb22b8401523","actor_name":"Kelly Cerqueira Almeida","actor_username":"kellyfranster@gmail.com","actor_via_sso":false,"log_type":"account"}', '2026-07-03 13:16:28.835113+00', ''),
	('00000000-0000-0000-0000-000000000000', '44409fae-f814-49a5-9417-088dcd3907fc', '{"action":"login","actor_id":"0b3b5902-bc9d-4245-a36f-bf0b80b418e1","actor_name":"Alexandre Duque de Almeida","actor_username":"alexandre.duque@gmail.com","actor_via_sso":false,"log_type":"account","traits":{"provider":"email"}}', '2026-07-03 13:16:59.52362+00', ''),
	('00000000-0000-0000-0000-000000000000', '6c08e3c6-bf8a-48bf-8d33-ccf2b4c2936f', '{"action":"login","actor_id":"0b3b5902-bc9d-4245-a36f-bf0b80b418e1","actor_name":"Alexandre Duque de Almeida","actor_username":"alexandre.duque@gmail.com","actor_via_sso":false,"log_type":"account","traits":{"provider":"email"}}', '2026-07-03 13:17:22.145285+00', ''),
	('00000000-0000-0000-0000-000000000000', '8e506e6e-c1a4-4ce6-8ec9-40d69da0501e', '{"action":"token_refreshed","actor_id":"0b3b5902-bc9d-4245-a36f-bf0b80b418e1","actor_name":"Alexandre Duque de Almeida","actor_username":"alexandre.duque@gmail.com","actor_via_sso":false,"log_type":"token"}', '2026-07-03 14:38:47.0245+00', ''),
	('00000000-0000-0000-0000-000000000000', 'a4a7a5b8-4e2b-4598-800c-ef383d331c1d', '{"action":"token_revoked","actor_id":"0b3b5902-bc9d-4245-a36f-bf0b80b418e1","actor_name":"Alexandre Duque de Almeida","actor_username":"alexandre.duque@gmail.com","actor_via_sso":false,"log_type":"token"}', '2026-07-03 14:38:47.025519+00', ''),
	('00000000-0000-0000-0000-000000000000', '45e28a58-c05e-4f18-b7e5-4b64e77e3712', '{"action":"user_signedup","actor_id":"ada49681-3ab5-43ce-bc4e-4eefef99d1f1","actor_name":"John Doe","actor_username":"john.doe@example.com","actor_via_sso":false,"log_type":"team","traits":{"provider":"email"}}', '2026-07-03 14:50:29.680358+00', ''),
	('00000000-0000-0000-0000-000000000000', 'e61f30f0-847a-4088-8a95-e196f58e5ff6', '{"action":"login","actor_id":"ada49681-3ab5-43ce-bc4e-4eefef99d1f1","actor_name":"John Doe","actor_username":"john.doe@example.com","actor_via_sso":false,"log_type":"account","traits":{"provider":"email"}}', '2026-07-03 14:50:29.716566+00', ''),
	('00000000-0000-0000-0000-000000000000', 'e10d75b2-9376-4ea5-b9da-26d43f0a7a41', '{"action":"login","actor_id":"ada49681-3ab5-43ce-bc4e-4eefef99d1f1","actor_name":"John Doe","actor_username":"john.doe@example.com","actor_via_sso":false,"log_type":"account","traits":{"provider":"email"}}', '2026-07-03 14:50:48.806598+00', ''),
	('00000000-0000-0000-0000-000000000000', '094bd005-cde2-41d2-b92f-1c5d07ffbea6', '{"action":"token_refreshed","actor_id":"0b3b5902-bc9d-4245-a36f-bf0b80b418e1","actor_name":"Alexandre Duque de Almeida","actor_username":"alexandre.duque@gmail.com","actor_via_sso":false,"log_type":"token"}', '2026-07-03 17:01:49.967548+00', ''),
	('00000000-0000-0000-0000-000000000000', 'd2293c57-dd70-4c06-a5de-b6ac7ac16169', '{"action":"token_revoked","actor_id":"0b3b5902-bc9d-4245-a36f-bf0b80b418e1","actor_name":"Alexandre Duque de Almeida","actor_username":"alexandre.duque@gmail.com","actor_via_sso":false,"log_type":"token"}', '2026-07-03 17:01:49.969234+00', ''),
	('00000000-0000-0000-0000-000000000000', '805da006-8eb4-4320-928d-9a7365c08bd9', '{"action":"token_refreshed","actor_id":"0b3b5902-bc9d-4245-a36f-bf0b80b418e1","actor_name":"Alexandre Duque de Almeida","actor_username":"alexandre.duque@gmail.com","actor_via_sso":false,"log_type":"token"}', '2026-07-03 20:12:07.586854+00', ''),
	('00000000-0000-0000-0000-000000000000', '5a314f72-fe86-4c7d-afc4-27f0dbfae5d6', '{"action":"token_revoked","actor_id":"0b3b5902-bc9d-4245-a36f-bf0b80b418e1","actor_name":"Alexandre Duque de Almeida","actor_username":"alexandre.duque@gmail.com","actor_via_sso":false,"log_type":"token"}', '2026-07-03 20:12:07.587882+00', ''),
	('00000000-0000-0000-0000-000000000000', '036d9168-2aba-4b1a-8437-38dddfc699d1', '{"action":"logout","actor_id":"0b3b5902-bc9d-4245-a36f-bf0b80b418e1","actor_name":"Alexandre Duque de Almeida","actor_username":"alexandre.duque@gmail.com","actor_via_sso":false,"log_type":"account"}', '2026-07-03 20:12:12.293183+00', ''),
	('00000000-0000-0000-0000-000000000000', '2ea76063-b0ea-44b9-9ccb-68a8d2ca44d7', '{"action":"login","actor_id":"0b3b5902-bc9d-4245-a36f-bf0b80b418e1","actor_name":"Alexandre Duque de Almeida","actor_username":"alexandre.duque@gmail.com","actor_via_sso":false,"log_type":"account","traits":{"provider":"email"}}', '2026-07-03 20:12:33.595748+00', ''),
	('00000000-0000-0000-0000-000000000000', '7ce44048-109e-4755-89b1-3766a822d918', '{"action":"token_refreshed","actor_id":"0b3b5902-bc9d-4245-a36f-bf0b80b418e1","actor_name":"Alexandre Duque de Almeida","actor_username":"alexandre.duque@gmail.com","actor_via_sso":false,"log_type":"token"}', '2026-07-04 19:20:21.793041+00', ''),
	('00000000-0000-0000-0000-000000000000', 'bbccb795-1f06-46f0-b5f9-a53fdf79501a', '{"action":"token_revoked","actor_id":"0b3b5902-bc9d-4245-a36f-bf0b80b418e1","actor_name":"Alexandre Duque de Almeida","actor_username":"alexandre.duque@gmail.com","actor_via_sso":false,"log_type":"token"}', '2026-07-04 19:20:21.79585+00', ''),
	('00000000-0000-0000-0000-000000000000', 'fe0c9c42-2f35-422b-8ff0-2a0e2f639672', '{"action":"logout","actor_id":"0b3b5902-bc9d-4245-a36f-bf0b80b418e1","actor_name":"Alexandre Duque de Almeida","actor_username":"alexandre.duque@gmail.com","actor_via_sso":false,"log_type":"account"}', '2026-07-04 19:20:31.201745+00', ''),
	('00000000-0000-0000-0000-000000000000', 'cf59f714-60e3-4df0-9c0c-9a389c810045', '{"action":"user_signedup","actor_id":"6e400277-94ad-49bd-8e89-02299f919b06","actor_name":"Teste ","actor_username":"teste@teste.com","actor_via_sso":false,"log_type":"team","traits":{"provider":"email"}}', '2026-07-04 19:21:00.698932+00', ''),
	('00000000-0000-0000-0000-000000000000', '01071a44-1782-47bd-8945-a140badc17b4', '{"action":"login","actor_id":"6e400277-94ad-49bd-8e89-02299f919b06","actor_name":"Teste ","actor_username":"teste@teste.com","actor_via_sso":false,"log_type":"account","traits":{"provider":"email"}}', '2026-07-04 19:21:00.769885+00', ''),
	('00000000-0000-0000-0000-000000000000', '24837c1f-915c-4774-81ca-e1de57353caf', '{"action":"login","actor_id":"6e400277-94ad-49bd-8e89-02299f919b06","actor_name":"Teste ","actor_username":"teste@teste.com","actor_via_sso":false,"log_type":"account","traits":{"provider":"email"}}', '2026-07-04 19:21:08.805405+00', ''),
	('00000000-0000-0000-0000-000000000000', '5d992899-24dd-4dc9-98fa-62ae320c2a04', '{"action":"logout","actor_id":"6e400277-94ad-49bd-8e89-02299f919b06","actor_name":"Teste ","actor_username":"teste@teste.com","actor_via_sso":false,"log_type":"account"}', '2026-07-04 19:23:24.208955+00', ''),
	('00000000-0000-0000-0000-000000000000', 'e7a4da17-d612-413f-9ca6-eb72d6f290d4', '{"action":"login","actor_id":"0b3b5902-bc9d-4245-a36f-bf0b80b418e1","actor_name":"Alexandre Duque de Almeida","actor_username":"alexandre.duque@gmail.com","actor_via_sso":false,"log_type":"account","traits":{"provider":"email"}}', '2026-07-04 19:23:36.813793+00', ''),
	('00000000-0000-0000-0000-000000000000', 'cc72b937-d727-494b-946c-01a5b67e8b7d', '{"action":"login","actor_id":"0b3b5902-bc9d-4245-a36f-bf0b80b418e1","actor_name":"Alexandre Duque de Almeida","actor_username":"alexandre.duque@gmail.com","actor_via_sso":false,"log_type":"account","traits":{"provider":"email"}}', '2026-07-04 19:30:49.490664+00', ''),
	('00000000-0000-0000-0000-000000000000', 'bf0a83bb-1783-47a5-9df4-c04f937f19c8', '{"action":"logout","actor_id":"0b3b5902-bc9d-4245-a36f-bf0b80b418e1","actor_name":"Alexandre Duque de Almeida","actor_username":"alexandre.duque@gmail.com","actor_via_sso":false,"log_type":"account"}', '2026-07-04 19:36:21.792601+00', ''),
	('00000000-0000-0000-0000-000000000000', 'effd7fa3-9ef5-45a4-82bf-d14848979fbb', '{"action":"login","actor_id":"6e400277-94ad-49bd-8e89-02299f919b06","actor_name":"Teste ","actor_username":"teste@teste.com","actor_via_sso":false,"log_type":"account","traits":{"provider":"email"}}', '2026-07-04 19:36:33.712589+00', ''),
	('00000000-0000-0000-0000-000000000000', 'ec51a94b-f9c4-4d55-b4c1-015e032632bc', '{"action":"login","actor_id":"0b3b5902-bc9d-4245-a36f-bf0b80b418e1","actor_name":"Alexandre Duque de Almeida","actor_username":"alexandre.duque@gmail.com","actor_via_sso":false,"log_type":"account","traits":{"provider":"email"}}', '2026-07-04 20:17:40.293063+00', ''),
	('00000000-0000-0000-0000-000000000000', 'e9cf4ec7-b36b-4368-8fc5-d746fc6abc84', '{"action":"logout","actor_id":"0b3b5902-bc9d-4245-a36f-bf0b80b418e1","actor_name":"Alexandre Duque de Almeida","actor_username":"alexandre.duque@gmail.com","actor_via_sso":false,"log_type":"account"}', '2026-07-04 20:18:02.40898+00', ''),
	('00000000-0000-0000-0000-000000000000', 'd3d57d33-e7c6-44f8-8706-156c1699c2b1', '{"action":"login","actor_id":"6e400277-94ad-49bd-8e89-02299f919b06","actor_name":"Teste ","actor_username":"teste@teste.com","actor_via_sso":false,"log_type":"account","traits":{"provider":"email"}}', '2026-07-04 20:18:17.99575+00', ''),
	('00000000-0000-0000-0000-000000000000', 'e55745ec-bfb2-4cba-9587-27a18cde8a13', '{"action":"logout","actor_id":"6e400277-94ad-49bd-8e89-02299f919b06","actor_name":"Teste ","actor_username":"teste@teste.com","actor_via_sso":false,"log_type":"account"}', '2026-07-04 20:19:07.598762+00', ''),
	('00000000-0000-0000-0000-000000000000', 'fccd6ad4-37fd-46ad-b68f-bfde0c4d8957', '{"action":"user_signedup","actor_id":"0950e079-e1de-422c-8158-6015a6bd3b16","actor_name":"admin","actor_username":"admin@admin.com","actor_via_sso":false,"log_type":"team","traits":{"provider":"email"}}', '2026-07-04 20:19:41.976029+00', ''),
	('00000000-0000-0000-0000-000000000000', 'b28cbbff-605e-49b3-9f1b-d35ae3914ce3', '{"action":"login","actor_id":"0950e079-e1de-422c-8158-6015a6bd3b16","actor_name":"admin","actor_username":"admin@admin.com","actor_via_sso":false,"log_type":"account","traits":{"provider":"email"}}', '2026-07-04 20:19:41.996884+00', ''),
	('00000000-0000-0000-0000-000000000000', '86941e72-99e8-423b-a62a-dce2b9abac28', '{"action":"login","actor_id":"0950e079-e1de-422c-8158-6015a6bd3b16","actor_name":"admin","actor_username":"admin@admin.com","actor_via_sso":false,"log_type":"account","traits":{"provider":"email"}}', '2026-07-04 20:19:50.895343+00', ''),
	('00000000-0000-0000-0000-000000000000', '633eed29-4edb-40f7-8894-37746bfe0568', '{"action":"login","actor_id":"6e400277-94ad-49bd-8e89-02299f919b06","actor_name":"Teste ","actor_username":"teste@teste.com","actor_via_sso":false,"log_type":"account","traits":{"provider":"email"}}', '2026-07-04 20:28:35.106516+00', ''),
	('00000000-0000-0000-0000-000000000000', 'adb6c267-4061-4632-8d03-cce20ce40dab', '{"action":"logout","actor_id":"6e400277-94ad-49bd-8e89-02299f919b06","actor_name":"Teste ","actor_username":"teste@teste.com","actor_via_sso":false,"log_type":"account"}', '2026-07-04 20:29:07.094939+00', ''),
	('00000000-0000-0000-0000-000000000000', '61dd11c9-ca8c-4230-9537-b7d8a82412c1', '{"action":"login","actor_id":"0b3b5902-bc9d-4245-a36f-bf0b80b418e1","actor_name":"Alexandre Duque de Almeida","actor_username":"alexandre.duque@gmail.com","actor_via_sso":false,"log_type":"account","traits":{"provider":"email"}}', '2026-07-04 20:29:20.189264+00', ''),
	('00000000-0000-0000-0000-000000000000', 'e8dce1cd-71b4-4878-8b63-4e7c644c16bd', '{"action":"logout","actor_id":"0b3b5902-bc9d-4245-a36f-bf0b80b418e1","actor_name":"Alexandre Duque de Almeida","actor_username":"alexandre.duque@gmail.com","actor_via_sso":false,"log_type":"account"}', '2026-07-04 20:32:34.504233+00', ''),
	('00000000-0000-0000-0000-000000000000', '3edaa344-3ff4-44db-9a59-37b8c1fd403d', '{"action":"login","actor_id":"0950e079-e1de-422c-8158-6015a6bd3b16","actor_name":"admin","actor_username":"admin@admin.com","actor_via_sso":false,"log_type":"account","traits":{"provider":"email"}}', '2026-07-04 20:32:51.410735+00', ''),
	('00000000-0000-0000-0000-000000000000', '5c1168bf-d373-49d6-9e91-2da5519060d9', '{"action":"logout","actor_id":"0950e079-e1de-422c-8158-6015a6bd3b16","actor_name":"admin","actor_username":"admin@admin.com","actor_via_sso":false,"log_type":"account"}', '2026-07-04 20:34:53.515504+00', ''),
	('00000000-0000-0000-0000-000000000000', '06074f5f-7567-4d71-91a3-c79dc7c5c4a6', '{"action":"login","actor_id":"6e400277-94ad-49bd-8e89-02299f919b06","actor_name":"Teste ","actor_username":"teste@teste.com","actor_via_sso":false,"log_type":"account","traits":{"provider":"email"}}', '2026-07-04 20:35:20.284464+00', ''),
	('00000000-0000-0000-0000-000000000000', 'b256f66e-dcce-4feb-8ea0-7948f957480b', '{"action":"logout","actor_id":"6e400277-94ad-49bd-8e89-02299f919b06","actor_name":"Teste ","actor_username":"teste@teste.com","actor_via_sso":false,"log_type":"account"}', '2026-07-04 20:35:47.783542+00', ''),
	('00000000-0000-0000-0000-000000000000', 'd1686217-bbb9-4c86-8511-81ae64e7aa76', '{"action":"login","actor_id":"6e400277-94ad-49bd-8e89-02299f919b06","actor_name":"Teste ","actor_username":"teste@teste.com","actor_via_sso":false,"log_type":"account","traits":{"provider":"email"}}', '2026-07-04 20:36:06.968042+00', ''),
	('00000000-0000-0000-0000-000000000000', '6d3722c6-66a3-49f8-9e64-9c49846f2acd', '{"action":"login","actor_id":"6e400277-94ad-49bd-8e89-02299f919b06","actor_name":"Teste ","actor_username":"teste@teste.com","actor_via_sso":false,"log_type":"account","traits":{"provider":"email"}}', '2026-07-04 20:42:01.678384+00', ''),
	('00000000-0000-0000-0000-000000000000', '72282327-4b71-452d-bd5f-a1a748ea557c', '{"action":"login","actor_id":"6e400277-94ad-49bd-8e89-02299f919b06","actor_name":"Teste ","actor_username":"teste@teste.com","actor_via_sso":false,"log_type":"account","traits":{"provider":"email"}}', '2026-07-04 20:47:17.579562+00', ''),
	('00000000-0000-0000-0000-000000000000', 'b519d9d6-a9f5-4c69-8549-9b7e582b399c', '{"action":"login","actor_id":"41cf18bd-a62d-49d5-b042-eb22b8401523","actor_name":"Kelly Cerqueira Almeida","actor_username":"kellyfranster@gmail.com","actor_via_sso":false,"log_type":"account","traits":{"provider":"email"}}', '2026-07-05 16:56:42.110053+00', ''),
	('00000000-0000-0000-0000-000000000000', 'b88d7883-b40f-4c6c-bc8f-550929837823', '{"action":"token_refreshed","actor_id":"6e400277-94ad-49bd-8e89-02299f919b06","actor_name":"Teste ","actor_username":"teste@teste.com","actor_via_sso":false,"log_type":"token"}', '2026-07-06 12:50:31.54089+00', ''),
	('00000000-0000-0000-0000-000000000000', 'c9a23ee8-5492-4af9-8d57-e572a3ffe07f', '{"action":"token_revoked","actor_id":"6e400277-94ad-49bd-8e89-02299f919b06","actor_name":"Teste ","actor_username":"teste@teste.com","actor_via_sso":false,"log_type":"token"}', '2026-07-06 12:50:31.542032+00', ''),
	('00000000-0000-0000-0000-000000000000', 'd350fcf5-d8d9-450f-9a69-95f16fb7249a', '{"action":"token_refreshed","actor_id":"6e400277-94ad-49bd-8e89-02299f919b06","actor_name":"Teste ","actor_username":"teste@teste.com","actor_via_sso":false,"log_type":"token"}', '2026-07-07 11:41:24.654768+00', ''),
	('00000000-0000-0000-0000-000000000000', '6121ddf6-63fd-4167-824d-beb1ff979291', '{"action":"token_revoked","actor_id":"6e400277-94ad-49bd-8e89-02299f919b06","actor_name":"Teste ","actor_username":"teste@teste.com","actor_via_sso":false,"log_type":"token"}', '2026-07-07 11:41:24.65713+00', '');


--
-- Data for Name: custom_oauth_providers; Type: TABLE DATA; Schema: auth; Owner: supabase_auth_admin
--



--
-- Data for Name: flow_state; Type: TABLE DATA; Schema: auth; Owner: supabase_auth_admin
--



--
-- Data for Name: users; Type: TABLE DATA; Schema: auth; Owner: supabase_auth_admin
--

INSERT INTO "auth"."users" ("instance_id", "id", "aud", "role", "email", "encrypted_password", "email_confirmed_at", "invited_at", "confirmation_token", "confirmation_sent_at", "recovery_token", "recovery_sent_at", "email_change_token_new", "email_change", "email_change_sent_at", "last_sign_in_at", "raw_app_meta_data", "raw_user_meta_data", "is_super_admin", "created_at", "updated_at", "phone", "phone_confirmed_at", "phone_change", "phone_change_token", "phone_change_sent_at", "email_change_token_current", "email_change_confirm_status", "banned_until", "reauthentication_token", "reauthentication_sent_at", "is_sso_user", "deleted_at", "is_anonymous") VALUES
	('00000000-0000-0000-0000-000000000000', '0950e079-e1de-422c-8158-6015a6bd3b16', 'authenticated', 'authenticated', 'admin@admin.com', '$2a$10$3q7.2ZznNa6LEn4AP.gK7uSK2AIUW.nrvCJWAmFzk4hD.RN5tZuCm', '2026-07-04 20:19:41.976517+00', NULL, '', NULL, '', NULL, '', '', NULL, '2026-07-04 20:32:51.412319+00', '{"provider": "email", "providers": ["email"]}', '{"sub": "0950e079-e1de-422c-8158-6015a6bd3b16", "email": "admin@admin.com", "full_name": "admin", "member_type": "piloto", "email_verified": true, "phone_verified": false}', NULL, '2026-07-04 20:19:41.915278+00', '2026-07-04 20:32:51.476453+00', NULL, NULL, '', '', NULL, '', 0, NULL, '', NULL, false, NULL, false),
	('00000000-0000-0000-0000-000000000000', '91291c73-587a-4d9e-a4fc-563a6c5fb255', 'authenticated', 'authenticated', 'douglassgregorio@gmail.com', '$2a$10$oigag0qggEW1qOIho/6GwO0bihwRKGvgEAMtjp/sOwNC.NfgRsj0q', '2026-07-01 15:34:34.877139+00', NULL, '', NULL, '', NULL, '', '', NULL, '2026-07-01 15:34:34.892999+00', '{"provider": "email", "providers": ["email"]}', '{"sub": "91291c73-587a-4d9e-a4fc-563a6c5fb255", "email": "douglassgregorio@gmail.com", "full_name": "Douglas Gregorio", "email_verified": true, "phone_verified": false}', NULL, '2026-07-01 15:34:34.862318+00', '2026-07-02 17:19:43.882448+00', NULL, NULL, '', '', NULL, '', 0, NULL, '', NULL, false, NULL, false),
	('00000000-0000-0000-0000-000000000000', 'ada49681-3ab5-43ce-bc4e-4eefef99d1f1', 'authenticated', 'authenticated', 'john.doe@example.com', '$2a$10$XfZV0xsyg6T4FZA0DHN0mOJU3I4L4ybI8epAr83e19ZJ62ulinf4i', '2026-07-03 14:50:29.680845+00', NULL, '', NULL, '', NULL, '', '', NULL, '2026-07-03 14:50:48.807755+00', '{"provider": "email", "providers": ["email"]}', '{"sub": "ada49681-3ab5-43ce-bc4e-4eefef99d1f1", "email": "john.doe@example.com", "full_name": "John Doe", "member_type": "piloto", "email_verified": true, "phone_verified": false}', NULL, '2026-07-03 14:50:29.663519+00', '2026-07-03 14:50:48.812681+00', NULL, NULL, '', '', NULL, '', 0, NULL, '', NULL, false, NULL, false),
	('00000000-0000-0000-0000-000000000000', '41cf18bd-a62d-49d5-b042-eb22b8401523', 'authenticated', 'authenticated', 'kellyfranster@gmail.com', '$2a$10$y99AKevW.uXiRQKtH0gaaOta2W2LfbylYSNiiQqHjtovnBoC99L/q', '2026-06-24 15:46:23.734407+00', NULL, '', NULL, '', NULL, '', '', NULL, '2026-07-05 16:56:42.11133+00', '{"provider": "email", "providers": ["email"]}', '{"sub": "41cf18bd-a62d-49d5-b042-eb22b8401523", "email": "kellyfranster@gmail.com", "full_name": "Kelly Cerqueira Almeida", "email_verified": true, "phone_verified": false}', NULL, '2026-06-24 15:46:23.722861+00', '2026-07-05 16:56:42.114592+00', NULL, NULL, '', '', NULL, '', 0, NULL, '', NULL, false, NULL, false),
	('00000000-0000-0000-0000-000000000000', '6e400277-94ad-49bd-8e89-02299f919b06', 'authenticated', 'authenticated', 'teste@teste.com', '$2a$10$zbh11HCZRNMDIeYf3IgxMuQPytyyOuZZ1ZnmS2cu4rLGSU6X6t3Pu', '2026-07-04 19:21:00.699752+00', NULL, '', NULL, '', NULL, '', '', NULL, '2026-07-04 20:47:17.580759+00', '{"provider": "email", "providers": ["email"]}', '{"sub": "6e400277-94ad-49bd-8e89-02299f919b06", "email": "teste@teste.com", "full_name": "Teste ", "member_type": "piloto", "email_verified": true, "phone_verified": false}', NULL, '2026-07-04 19:21:00.685544+00', '2026-07-07 11:41:24.662149+00', NULL, NULL, '', '', NULL, '', 0, NULL, '', NULL, false, NULL, false),
	('00000000-0000-0000-0000-000000000000', '0b3b5902-bc9d-4245-a36f-bf0b80b418e1', 'authenticated', 'authenticated', 'alexandre.duque@gmail.com', '$2a$10$AygKBSdQRdQaaDcXfFbLwe283.OCOURFaGZtDsvp6Aru1vhtt/rlu', '2026-06-24 15:39:34.434999+00', NULL, '', NULL, '', NULL, '', '', NULL, '2026-07-04 20:29:20.191358+00', '{"provider": "email", "providers": ["email"]}', '{"sub": "0b3b5902-bc9d-4245-a36f-bf0b80b418e1", "email": "alexandre.duque@gmail.com", "full_name": "Alexandre Duque de Almeida", "email_verified": true, "phone_verified": false}', NULL, '2026-06-24 15:39:34.41625+00', '2026-07-04 20:29:20.195392+00', NULL, NULL, '', '', NULL, '', 0, NULL, '', NULL, false, NULL, false);


--
-- Data for Name: identities; Type: TABLE DATA; Schema: auth; Owner: supabase_auth_admin
--

INSERT INTO "auth"."identities" ("provider_id", "user_id", "identity_data", "provider", "last_sign_in_at", "created_at", "updated_at", "id") VALUES
	('0b3b5902-bc9d-4245-a36f-bf0b80b418e1', '0b3b5902-bc9d-4245-a36f-bf0b80b418e1', '{"sub": "0b3b5902-bc9d-4245-a36f-bf0b80b418e1", "email": "alexandre.duque@gmail.com", "full_name": "Alexandre Duque de Almeida", "email_verified": false, "phone_verified": false}', 'email', '2026-06-24 15:39:34.430102+00', '2026-06-24 15:39:34.430165+00', '2026-06-24 15:39:34.430165+00', '70c358b7-c2c7-4c86-bdfe-c5ed928db9b8'),
	('41cf18bd-a62d-49d5-b042-eb22b8401523', '41cf18bd-a62d-49d5-b042-eb22b8401523', '{"sub": "41cf18bd-a62d-49d5-b042-eb22b8401523", "email": "kellyfranster@gmail.com", "full_name": "Kelly Cerqueira Almeida", "email_verified": false, "phone_verified": false}', 'email', '2026-06-24 15:46:23.730817+00', '2026-06-24 15:46:23.730843+00', '2026-06-24 15:46:23.730843+00', '74233707-3bc9-4cf4-b992-46f3b4e8fb60'),
	('91291c73-587a-4d9e-a4fc-563a6c5fb255', '91291c73-587a-4d9e-a4fc-563a6c5fb255', '{"sub": "91291c73-587a-4d9e-a4fc-563a6c5fb255", "email": "douglassgregorio@gmail.com", "full_name": "Douglas Gregorio", "email_verified": false, "phone_verified": false}', 'email', '2026-07-01 15:34:34.873272+00', '2026-07-01 15:34:34.873314+00', '2026-07-01 15:34:34.873314+00', '4c99f304-0116-427c-891e-4426539622db'),
	('ada49681-3ab5-43ce-bc4e-4eefef99d1f1', 'ada49681-3ab5-43ce-bc4e-4eefef99d1f1', '{"sub": "ada49681-3ab5-43ce-bc4e-4eefef99d1f1", "email": "john.doe@example.com", "full_name": "John Doe", "member_type": "piloto", "email_verified": false, "phone_verified": false}', 'email', '2026-07-03 14:50:29.676722+00', '2026-07-03 14:50:29.676919+00', '2026-07-03 14:50:29.676919+00', '34c14f05-d5f3-4957-a366-f7a96dad5f4a'),
	('6e400277-94ad-49bd-8e89-02299f919b06', '6e400277-94ad-49bd-8e89-02299f919b06', '{"sub": "6e400277-94ad-49bd-8e89-02299f919b06", "email": "teste@teste.com", "full_name": "Teste ", "member_type": "piloto", "email_verified": false, "phone_verified": false}', 'email', '2026-07-04 19:21:00.695834+00', '2026-07-04 19:21:00.696251+00', '2026-07-04 19:21:00.696251+00', '0840f734-1d33-408c-9b62-7a10ca864f51'),
	('0950e079-e1de-422c-8158-6015a6bd3b16', '0950e079-e1de-422c-8158-6015a6bd3b16', '{"sub": "0950e079-e1de-422c-8158-6015a6bd3b16", "email": "admin@admin.com", "full_name": "admin", "member_type": "piloto", "email_verified": false, "phone_verified": false}', 'email', '2026-07-04 20:19:41.974+00', '2026-07-04 20:19:41.974023+00', '2026-07-04 20:19:41.974023+00', '37a9861f-78aa-4b45-b56a-1f1af073f018');


--
-- Data for Name: instances; Type: TABLE DATA; Schema: auth; Owner: supabase_auth_admin
--



--
-- Data for Name: oauth_clients; Type: TABLE DATA; Schema: auth; Owner: supabase_auth_admin
--



--
-- Data for Name: sessions; Type: TABLE DATA; Schema: auth; Owner: supabase_auth_admin
--

INSERT INTO "auth"."sessions" ("id", "user_id", "created_at", "updated_at", "factor_id", "aal", "not_after", "refreshed_at", "user_agent", "ip", "tag", "oauth_client_id", "refresh_token_hmac_key", "refresh_token_counter", "scopes") VALUES
	('0cb89ea9-1ab7-4b60-a61a-60f75c7d05c4', '91291c73-587a-4d9e-a4fc-563a6c5fb255', '2026-07-01 15:34:34.893085+00', '2026-07-02 17:19:43.883466+00', NULL, 'aal1', NULL, '2026-07-02 17:19:43.883403', 'Mozilla/5.0 (Windows NT 10.0; Win64; x64) AppleWebKit/537.36 (KHTML, like Gecko) Chrome/149.0.0.0 Safari/537.36', '162.43.190.104', NULL, NULL, NULL, NULL, NULL),
	('94b6164e-8710-4cfb-94df-813dc357fb09', 'ada49681-3ab5-43ce-bc4e-4eefef99d1f1', '2026-07-03 14:50:29.719429+00', '2026-07-03 14:50:29.719429+00', NULL, 'aal1', NULL, NULL, 'Mozilla/5.0 (Linux; Android 11; OnePlus8Pro Build/QKR1.191246.002; wv) AppleWebKit/537.36 (KHTML, like Gecko) Version/4.0 Chrome/90.0.4430.210 Mobile Safari/537.36', '66.102.6.128', NULL, NULL, NULL, NULL, NULL),
	('00b7be22-44fb-401d-b42d-51a5a0085a76', 'ada49681-3ab5-43ce-bc4e-4eefef99d1f1', '2026-07-03 14:50:48.807813+00', '2026-07-03 14:50:48.807813+00', NULL, 'aal1', NULL, NULL, 'Mozilla/5.0 (Linux; Android 11; OnePlus8Pro Build/QKR1.191246.002; wv) AppleWebKit/537.36 (KHTML, like Gecko) Version/4.0 Chrome/90.0.4430.210 Mobile Safari/537.36', '66.102.6.128', NULL, NULL, NULL, NULL, NULL),
	('7cfab468-c4eb-414b-ab21-00e2dc1e5aff', '6e400277-94ad-49bd-8e89-02299f919b06', '2026-07-04 20:42:01.681019+00', '2026-07-04 20:42:01.681019+00', NULL, 'aal1', NULL, NULL, 'Mozilla/5.0 (Linux; Android 16; SM-S938B Build/BP4A.251205.006; wv) AppleWebKit/537.36 (KHTML, like Gecko) Version/4.0 Chrome/149.0.7827.163 Mobile Safari/537.36', '179.111.23.98', NULL, NULL, NULL, NULL, NULL),
	('3ba2d9d2-5513-48b3-828b-7510f156e6ac', '6e400277-94ad-49bd-8e89-02299f919b06', '2026-07-04 20:47:17.580814+00', '2026-07-04 20:47:17.580814+00', NULL, 'aal1', NULL, NULL, 'Mozilla/5.0 (Linux; Android 10; K) AppleWebKit/537.36 (KHTML, like Gecko) Chrome/149.0.0.0 Mobile Safari/537.36', '179.111.23.98', NULL, NULL, NULL, NULL, NULL),
	('dff5d8cf-b267-4386-8395-a3048a8aca11', '41cf18bd-a62d-49d5-b042-eb22b8401523', '2026-07-05 16:56:42.111415+00', '2026-07-05 16:56:42.111415+00', NULL, 'aal1', NULL, NULL, 'Mozilla/5.0 (Linux; Android 10; K) AppleWebKit/537.36 (KHTML, like Gecko) Chrome/149.0.0.0 Mobile Safari/537.36', '179.111.23.98', NULL, NULL, NULL, NULL, NULL),
	('794d83c1-1169-4171-827c-eeb3af411ecf', '6e400277-94ad-49bd-8e89-02299f919b06', '2026-07-04 20:36:06.970013+00', '2026-07-07 11:41:24.66496+00', NULL, 'aal1', NULL, '2026-07-07 11:41:24.6649', 'Mozilla/5.0 (X11; Linux x86_64; rv:152.0) Gecko/20100101 Firefox/152.0', '179.111.23.98', NULL, NULL, NULL, NULL, NULL);


--
-- Data for Name: mfa_amr_claims; Type: TABLE DATA; Schema: auth; Owner: supabase_auth_admin
--

INSERT INTO "auth"."mfa_amr_claims" ("session_id", "created_at", "updated_at", "authentication_method", "id") VALUES
	('94b6164e-8710-4cfb-94df-813dc357fb09', '2026-07-03 14:50:29.722602+00', '2026-07-03 14:50:29.722602+00', 'password', 'ee350c13-9643-4cdb-8687-a21b7a7d3aef'),
	('00b7be22-44fb-401d-b42d-51a5a0085a76', '2026-07-03 14:50:48.813239+00', '2026-07-03 14:50:48.813239+00', 'password', '784ffe3d-c7ed-44e1-99b6-81f624c0e6da'),
	('0cb89ea9-1ab7-4b60-a61a-60f75c7d05c4', '2026-07-01 15:34:34.896387+00', '2026-07-01 15:34:34.896387+00', 'password', '995de38f-c7e1-432d-8167-c06a160dd630'),
	('794d83c1-1169-4171-827c-eeb3af411ecf', '2026-07-04 20:36:06.974651+00', '2026-07-04 20:36:06.974651+00', 'password', '7ac26855-8e02-4711-95c2-f031054512ad'),
	('7cfab468-c4eb-414b-ab21-00e2dc1e5aff', '2026-07-04 20:42:01.688158+00', '2026-07-04 20:42:01.688158+00', 'password', '53d22915-8c28-4a7a-bd78-d80add6e6525'),
	('3ba2d9d2-5513-48b3-828b-7510f156e6ac', '2026-07-04 20:47:17.584037+00', '2026-07-04 20:47:17.584037+00', 'password', '5a26f691-ba18-4cd0-bb47-479e830c8ed3'),
	('dff5d8cf-b267-4386-8395-a3048a8aca11', '2026-07-05 16:56:42.115083+00', '2026-07-05 16:56:42.115083+00', 'password', '225f2489-4880-4595-8a2a-887610c28678');


--
-- Data for Name: mfa_factors; Type: TABLE DATA; Schema: auth; Owner: supabase_auth_admin
--



--
-- Data for Name: mfa_challenges; Type: TABLE DATA; Schema: auth; Owner: supabase_auth_admin
--



--
-- Data for Name: oauth_authorizations; Type: TABLE DATA; Schema: auth; Owner: supabase_auth_admin
--



--
-- Data for Name: oauth_client_states; Type: TABLE DATA; Schema: auth; Owner: supabase_auth_admin
--



--
-- Data for Name: oauth_consents; Type: TABLE DATA; Schema: auth; Owner: supabase_auth_admin
--



--
-- Data for Name: one_time_tokens; Type: TABLE DATA; Schema: auth; Owner: supabase_auth_admin
--



--
-- Data for Name: refresh_tokens; Type: TABLE DATA; Schema: auth; Owner: supabase_auth_admin
--

INSERT INTO "auth"."refresh_tokens" ("instance_id", "id", "token", "user_id", "revoked", "created_at", "updated_at", "parent", "session_id") VALUES
	('00000000-0000-0000-0000-000000000000', 141, 'q7pgbzl4h2vp', '91291c73-587a-4d9e-a4fc-563a6c5fb255', true, '2026-07-01 16:46:11.169643+00', '2026-07-02 17:19:43.879433+00', '3kju66xwotoy', '0cb89ea9-1ab7-4b60-a61a-60f75c7d05c4'),
	('00000000-0000-0000-0000-000000000000', 161, 'lrrugftsjdw5', '91291c73-587a-4d9e-a4fc-563a6c5fb255', false, '2026-07-02 17:19:43.881523+00', '2026-07-02 17:19:43.881523+00', 'q7pgbzl4h2vp', '0cb89ea9-1ab7-4b60-a61a-60f75c7d05c4'),
	('00000000-0000-0000-0000-000000000000', 213, 'ekwnxpv6y3nd', '6e400277-94ad-49bd-8e89-02299f919b06', false, '2026-07-04 20:42:01.684944+00', '2026-07-04 20:42:01.684944+00', NULL, '7cfab468-c4eb-414b-ab21-00e2dc1e5aff'),
	('00000000-0000-0000-0000-000000000000', 214, 'nnzfke5xg2bq', '6e400277-94ad-49bd-8e89-02299f919b06', false, '2026-07-04 20:47:17.582614+00', '2026-07-04 20:47:17.582614+00', NULL, '3ba2d9d2-5513-48b3-828b-7510f156e6ac'),
	('00000000-0000-0000-0000-000000000000', 215, 'yxtq2jkcxpo2', '41cf18bd-a62d-49d5-b042-eb22b8401523', false, '2026-07-05 16:56:42.113521+00', '2026-07-05 16:56:42.113521+00', NULL, 'dff5d8cf-b267-4386-8395-a3048a8aca11'),
	('00000000-0000-0000-0000-000000000000', 212, 'qevhvf57ni7j', '6e400277-94ad-49bd-8e89-02299f919b06', true, '2026-07-04 20:36:06.972668+00', '2026-07-06 12:50:31.54261+00', NULL, '794d83c1-1169-4171-827c-eeb3af411ecf'),
	('00000000-0000-0000-0000-000000000000', 216, '6lxencvf2l7u', '6e400277-94ad-49bd-8e89-02299f919b06', true, '2026-07-06 12:50:31.543725+00', '2026-07-07 11:41:24.658068+00', 'qevhvf57ni7j', '794d83c1-1169-4171-827c-eeb3af411ecf'),
	('00000000-0000-0000-0000-000000000000', 217, 'zo6pcr6i3qpd', '6e400277-94ad-49bd-8e89-02299f919b06', false, '2026-07-07 11:41:24.659456+00', '2026-07-07 11:41:24.659456+00', '6lxencvf2l7u', '794d83c1-1169-4171-827c-eeb3af411ecf'),
	('00000000-0000-0000-0000-000000000000', 139, '3kju66xwotoy', '91291c73-587a-4d9e-a4fc-563a6c5fb255', true, '2026-07-01 15:34:34.894946+00', '2026-07-01 16:46:11.169173+00', NULL, '0cb89ea9-1ab7-4b60-a61a-60f75c7d05c4'),
	('00000000-0000-0000-0000-000000000000', 193, 'z7igdcqtjuw3', 'ada49681-3ab5-43ce-bc4e-4eefef99d1f1', false, '2026-07-03 14:50:29.721137+00', '2026-07-03 14:50:29.721137+00', NULL, '94b6164e-8710-4cfb-94df-813dc357fb09'),
	('00000000-0000-0000-0000-000000000000', 194, 'vu3trjcxnd6z', 'ada49681-3ab5-43ce-bc4e-4eefef99d1f1', false, '2026-07-03 14:50:48.811314+00', '2026-07-03 14:50:48.811314+00', NULL, '00b7be22-44fb-401d-b42d-51a5a0085a76');


--
-- Data for Name: sso_providers; Type: TABLE DATA; Schema: auth; Owner: supabase_auth_admin
--



--
-- Data for Name: saml_providers; Type: TABLE DATA; Schema: auth; Owner: supabase_auth_admin
--



--
-- Data for Name: saml_relay_states; Type: TABLE DATA; Schema: auth; Owner: supabase_auth_admin
--



--
-- Data for Name: sso_domains; Type: TABLE DATA; Schema: auth; Owner: supabase_auth_admin
--



--
-- Data for Name: webauthn_challenges; Type: TABLE DATA; Schema: auth; Owner: supabase_auth_admin
--



--
-- Data for Name: webauthn_credentials; Type: TABLE DATA; Schema: auth; Owner: supabase_auth_admin
--



--
-- Data for Name: gallery_items; Type: TABLE DATA; Schema: public; Owner: postgres
--

INSERT INTO "public"."gallery_items" ("id", "title", "caption", "image_url", "instagram_url", "sort_order", "status", "created_at", "updated_at") VALUES
	('5db178b1-ae7e-46bb-831d-00f039c74a1c', 'Post Instagram', 'Medo de andar de moto?? 😂😂😂
#reels 
#Motoclube 
#motos', '/ig-5db178b1-ae7e-46bb-831d-00f039c74a1c.jpg', 'https://www.instagram.com/p/DZ5gTaHA4ca', 0, 'published', '2026-06-25 10:00:00.509341+00', '2026-06-30 14:08:22.761566+00'),
	('81a04712-502a-4e1c-9122-b66c66a1fa58', 'Post Instagram', '🏍️☕ CHECKLIST DE VIAGEM DE MOTO — salva aí que vai te salvar na estrada.
Toda viagem boa começa antes de dar a partida. Reunimos os 8 pontos essenciais que todo piloto deveria conferir antes de cair na estrada — do pneu calibrado ao parceiro que ninguém deixa pra trás. E no fim tem um bônus de fofura que é item favorito das meninas. 👀
Arraste pro lado 👉 e veja se você não tá esquecendo nada:

📄 Documentação em dia

🔧 Moto revisada

🦺 Equipamento de proteção

🧰 Ferramentas e emergência

🗺️ Rota e comunicação

💪 Cabeça e corpo prontos pra pilotar
👉 Salva esse post pra conferir antes do próximo role.

🔖 Marca aquele parceiro que sempre esquece alguma coisa.

💬 Faltou algum item na sua lista? Conta pra gente nos comentários.
🐾 E não esquece: orelhinha de gatinho da mochilinha também é item de série! Manda aqui a foto da sua. 😼
Respeito · Liberdade · Estrada 🛣️

📍 Atibaia · São Paulo · Brasil
#motoclube #cafemotoeasfalto #viagemdemoto #motoviagem #motociclismo', '/ig-81a04712-502a-4e1c-9122-b66c66a1fa58.jpg', 'https://www.instagram.com/p/DZ8YAMnlu1V', 0, 'published', '2026-06-25 10:00:00.523702+00', '2026-06-30 14:17:24.018286+00'),
	('5b8a7728-4aab-41de-8701-4f86ae09ddab', 'Post Instagram', 'Reflita 😂🤣😂🤣
#motoclube 
#motoviagem 
#motociclismo 
#interiordesp', '/gallery-1.jpg', 'https://www.instagram.com/p/DaB3sDOgS2c', 0, 'published', '2026-06-26 04:00:00.491645+00', '2026-06-30 14:20:41.900494+00'),
	('f4351e93-160c-4f69-b573-796338b67814', 'Post Instagram', '🏍️☕ Café Moto e Asfalto — o primeiro de muitos quilômetros juntos!
Tudo começou com um grupo de amigos, algumas motos e uma vontade enorme de pegar a estrada.
Criamos esse espaço pra dividir o que move a nossa turma: o cheiro do asfalto de manhã cedo, o café quente numa parada no meio do caminho e as paisagens do interior de SP (e além! 🌄) que só quem anda de moto conhece de verdade.

De Pedra Bela, Monte Verde, Joanópolis, Salesópolis e muitos outros que estão por vir, cada rolê vira história e a amizade se fortalece. Aqui a gente vai compartilhar nossos passeios, viagens, paradas e os melhores momentos da estrada.
🤝 Respeito · Liberdade · Estrada

📍 Atibaia – São Paulo – Brasil

Desde 2024.
#CafeMotoEAsfalto #Motoclube #MotoViagem #InteriorDeSP #VidaSobreDuasRodas LiberdadeNaEstrada Atibaia MonteVerde Salesopolis BrothersDeEstrada', '/ig-f4351e93-160c-4f69-b573-796338b67814.jpg', 'https://www.instagram.com/p/DZ42DYpFk8G', 0, 'published', '2026-06-25 10:00:00.519827+00', '2026-06-30 14:17:24.018286+00');


--
-- Data for Name: motorcycles; Type: TABLE DATA; Schema: public; Owner: postgres
--

INSERT INTO "public"."motorcycles" ("id", "user_id", "brand", "model", "year", "plate", "color", "nickname", "current_km", "photo_url", "created_at", "updated_at") VALUES
	('28f6a51d-a4c7-4cba-99e1-6563c1695e0a', '0b3b5902-bc9d-4245-a36f-bf0b80b418e1', 'Symm', 'NH 190', 2020, 'BWM7I66', 'Branca', 'Zefinha', 28829, 'https://electrosal-erp-media.s3.us-east-2.amazonaws.com/motoclube/f976ea43-43ca-474a-8436-cac8e1ab8c80-Captura de tela de 2026-06-24 12-48-37.png', '2026-06-24 15:40:42.718668+00', '2026-06-24 18:23:26.993018+00'),
	('8f27df6b-39fc-439a-a384-377eb3080a56', '0b3b5902-bc9d-4245-a36f-bf0b80b418e1', 'Honda', 'CB 500', 2023, 'ABC-5L12', 'Vermelha', 'Trovão', 24000, 'https://electrosal-erp-media.s3.us-east-2.amazonaws.com/motoclube/37f845cc-3b78-4796-84c1-20ada3ad74ce-96b028d3-8810-4924-a389-89a5f98e35e6.jpeg', '2026-06-26 18:00:40.380111+00', '2026-07-04 20:28:58.969519+00');


--
-- Data for Name: maintenance_items; Type: TABLE DATA; Schema: public; Owner: postgres
--

INSERT INTO "public"."maintenance_items" ("id", "motorcycle_id", "user_id", "name", "interval_km", "interval_months", "last_change_km", "last_change_date", "notes", "created_at", "updated_at") VALUES
	('c297800d-11a4-4c59-9ac8-84902f20315e', '28f6a51d-a4c7-4cba-99e1-6563c1695e0a', '0b3b5902-bc9d-4245-a36f-bf0b80b418e1', 'Oléo', 2000, 2, 28529, '2026-06-18', '1,200 Litros de Oleo', '2026-06-24 17:56:37.680833+00', '2026-06-25 12:11:54.544175+00'),
	('d7accc4c-2987-4021-871c-f46780809233', '8f27df6b-39fc-439a-a384-377eb3080a56', '0b3b5902-bc9d-4245-a36f-bf0b80b418e1', 'Oleo do Motor', 3000, 3, 12000, '2026-06-26', NULL, '2026-06-26 18:01:23.428894+00', '2026-06-26 18:01:23.428894+00');


--
-- Data for Name: maintenance_records; Type: TABLE DATA; Schema: public; Owner: postgres
--

INSERT INTO "public"."maintenance_records" ("id", "motorcycle_id", "maintenance_item_id", "user_id", "item_name", "service_date", "km_at_service", "cost", "workshop", "notes", "created_at") VALUES
	('b8253e27-e5b1-41eb-8a0e-334f6ff51131', '28f6a51d-a4c7-4cba-99e1-6563c1695e0a', NULL, '0b3b5902-bc9d-4245-a36f-bf0b80b418e1', 'Raios Traseiros da Nh 190', '2026-06-20', 28629, 150.00, 'Atibaia Motos', NULL, '2026-06-24 18:53:02.035986+00'),
	('ebf5ef3d-4328-4eb5-ad2c-b0760146953d', '8f27df6b-39fc-439a-a384-377eb3080a56', NULL, '0b3b5902-bc9d-4245-a36f-bf0b80b418e1', 'Espelhinhos', '2026-04-01', 12000, 45.00, 'Motoyama', NULL, '2026-06-26 18:02:36.96875+00');


--
-- Data for Name: news; Type: TABLE DATA; Schema: public; Owner: postgres
--

INSERT INTO "public"."news" ("id", "title", "slug", "excerpt", "content", "cover_url", "tag", "status", "published_at", "author_id", "created_at", "updated_at") VALUES
	('817e54e9-4f0f-4f2d-9bb4-b0b694e57002', 'Pedra Bela ao nascer do sol: como foi o último rolê', 'pedra-bela-ao-nascer-do-sol-como-foi-o-ultimo-role', 'Acordamos antes do galo cantar pra pegar o nascer do sol no mirante. O frio compensou — e as fotos também.', '[{"id":"af893c78-60a1-4e81-a1f8-5d455cb8cd96","type":"paragraph","value":"Acordamos antes do galo cantar pra pegar o nascer do sol no mirante. O frio compensou — e as fotos também.\nUma experiência inesquecível para todos os membros."},{"id":"ac41fbed-50ce-47af-98b7-98a9a439e2f9","type":"image","value":"https://electrosal-erp-media.s3.us-east-2.amazonaws.com/motoclube/572f04af-39dd-4c96-9a31-af41c30befac-WhatsApp Image 2026-06-24 at 21.42.59.jpeg"}]', 'https://electrosal-erp-media.s3.us-east-2.amazonaws.com/motoclube/20be326d-cca8-40ee-8f62-0db5f6dca7d3-Melhorar foto - padrão motociclista(4).jpg', 'Bastidores', 'published', '2024-07-15 00:00:00+00', NULL, '2026-06-24 21:12:33.189585+00', '2026-06-25 01:12:16.065826+00'),
	('12a25e0d-0e9f-4670-b0e6-19b5dcfb56ed', 'Rolê a Monte Verde reúne a turma na serra', 'role-monte-verde-reune-a-turma-na-serra', 'Saída cedo de Atibaia, parada estratégica pra café e um dia inteiro curtindo as curvas da serra. Foi rolê pra entrar pra história do clube.', '[{"id":"b597d665-543f-4ee9-bd57-d9bb1d413e6e","type":"subtitle","value":"A chegada em Monte Verde"},{"id":"8312803e-66ac-48bb-88d6-bf3d65127a29","type":"paragraph","value":"Saída cedo de Atibaia, parada estratégica pra café e um dia inteiro curtindo as curvas da serra. Foi rolê pra entrar pra história do clube.\n\nMais detalhes em breve..."},{"id":"3354212e-0377-4896-b55c-45a4db94c68c","type":"image","value":"https://electrosal-erp-media.s3.us-east-2.amazonaws.com/motoclube/46faad3f-7f44-4b77-8c4f-20f1508e1da8-Melhorar foto - padrão motociclista(1).jpg"},{"id":"1de2663e-22a3-444f-aa61-9c481aac9ae3","type":"subtitle","value":"O Cafe da manhã"},{"id":"af0b0ac3-968a-4b3b-be8b-cdb18e1bedea","type":"image","value":"https://electrosal-erp-media.s3.us-east-2.amazonaws.com/motoclube/a4f5d129-3781-4610-9815-1dbe649611ed-Melhorar foto - padrão motociclista(3).jpg"},{"id":"a9be3c4b-1b0b-4a1a-aab1-06f25b1a976e","type":"paragraph","value":"Café da manhã em um lugarzinho fantastico, tudo muito gostoso..."}]', 'https://electrosal-erp-media.s3.us-east-2.amazonaws.com/motoclube/2ab78fc0-922d-4bf2-9471-4000c3548dde-Melhorar foto - padrão motociclista.jpg', 'Passeio', 'published', '2026-03-19 00:00:00+00', NULL, '2026-06-24 21:12:33.189585+00', '2026-06-25 11:56:06.341972+00'),
	('662dcf8a-99a3-471f-96b5-87b8f0cf842b', 'Passeio Salesopolis - Rota Biker monumento 19', 'salesopolis', 'Em Salesópolis (SP), o monumento oficial da Rota Biker fica no Rancho Terra Crua (Monumento nº 19). O local oferece estrutura de lazer, restaurante e é um ponto de encontro famoso para motociclistas.', '[{"id":"1f0ed019-b3fc-4b8d-a023-805f2a319f78","type":"subtitle","value":"Duas Rodas e Histórias: Nossa Jornada até o Monumento 19 em Salesópolis"},{"id":"af4deea0-abf8-4ea3-93da-ae0fe08ec00a","type":"paragraph","value":"Para quem vive a cultura das duas rodas, o final de semana não é apenas um descanso, é o momento de colocar o vento na cara e acumular novas histórias. Dessa vez, o destino escolhido foi Salesópolis, seguindo pela famosa Rota Biker com destino ao emblemático Monumento 19.\nSe você curte poeira, belas paisagens e a resenha boa que só o motociclismo proporciona, acompanha como foi essa nossa jornada.\nO Ponto de Partida: O Despertar dos Motores\nO dia começou cedo. Às 07h da manhã, o ponto de encontro já estava definido: o Posto Jardim dos Pinheiros. À medida que os relógios se aproximavam do horário, o ronco dos motores começava a quebrar o silêncio da manhã. Abraços, ajustes finos nos equipamentos e tanques cheios. Era hora de partir."},{"id":"d01e253e-7b5c-491e-aab8-65e5f52ba160","type":"paragraph","value":"Parada Obrigatória: Café da Manhã no Rancho da Moto\n\nTodo bom motociclista sabe que o caminho é tão importante quanto o destino, e uma parada para o café é sagrada. Seguimos rodando até o Rancho da Moto.\nAo chegar lá, uma surpresa: o lugar estava completamente lotado! O pátio era um verdadeiro mar de motos de todos os estilos e cilindradas. Mesmo com o movimento intenso e a casa cheia, o clima era de pura camaradagem. Conseguimos encostar, tomar aquele café reforçado para dar energia e, claro, jogar muita conversa fora com a galera. O ambiente do Rancho nunca decepciona; a energia de ver tanta gente compartilhando a mesma paixão torna tudo muito agradável."},{"id":"2c818cca-187f-4643-a61b-e2be0ddfacf9","type":"image","value":"https://electrosal-erp-media.s3.us-east-2.amazonaws.com/motoclube/00e28f3f-4a42-4cb4-a93b-6d6132afe1e0-WhatsApp Image 2026-06-26 at 13.57.37.jpeg"},{"id":"66943d68-aa77-4dc8-929c-1bb57adebdaf","type":"paragraph","value":"O Desafio e a Recompensa: Monumento 19\nDe barriga cheia e alma renovada, pegamos a estrada novamente rumo ao objetivo principal: o Monumento 19.\nPor ser um ponto clássico e muito visado por quem faz a Rota Biker, sabíamos que não estaríamos sozinhos. Quando chegamos, nos deparamos com uma fila de cerca de 1 hora para conseguir acessar e registrar o momento.\n    A filosofia da estrada: Para o verdadeiro biker, a espera não é um problema, mas sim parte da resenha.\nAproveitamos o tempo de fila para conversar, rir das histórias do caminho e planejar os próximos destinos. Quando finalmente chegou a nossa vez, valeu cada minuto. O visual e a energia do lugar são incríveis. Registramos o momento com muitas fotos — daquelas que vão direto para o grupo da família e para as redes sociais para eternizar o final de semana.\nMoto Turismo na Essência\nNo fim das contas, passeios como esse nos lembram o porquê de gostarmos tanto de motos. Não se trata apenas da velocidade ou do destino final, mas sim das parcerias, da paciência na fila, do café compartilhado e das memórias que ficam guardadas na bagagem da vida.\nSalesópolis e a Rota Biker entregaram tudo o que prometiam. Até o próximo acelerada!\n\nE você, já fez a Rota Biker até o Monumento 19? Como estava a fila no seu dia? Deixe seu comentário!"},{"id":"db813896-c68a-418f-a5c0-ea7de1f41350","type":"image","value":"https://electrosal-erp-media.s3.us-east-2.amazonaws.com/motoclube/26c62d68-5f66-437b-82ae-8ddf92ee6095-1.jpg"}]', 'https://electrosal-erp-media.s3.us-east-2.amazonaws.com/motoclube/580cefe6-a71a-49f2-a286-2b768f0f9059-2.jpg', 'Passeio', 'published', '2026-06-21 00:00:00+00', NULL, '2026-06-26 17:13:38.485622+00', '2026-06-26 17:32:37.454777+00');


--
-- Data for Name: polls; Type: TABLE DATA; Schema: public; Owner: postgres
--

INSERT INTO "public"."polls" ("id", "title", "description", "image_url", "status", "created_at") VALUES
	('5879d48c-8601-40e0-b272-f5c3c3d836e1', 'Estamos finalizando os detalhes das nossas camisetas e queremos a opinião de vocês! Qual destas descrições combina mais com o espírito do nosso grupo?', '', NULL, 'active', '2026-06-26 19:48:22.569706+00'),
	('b9a5f568-82be-4f89-baa7-a3cd3d10e364', 'Passeio Socorro', '', 'https://electrosal-erp-media.s3.us-east-2.amazonaws.com/motoclube/50f9dba0-e846-4fef-bc19-ac9531cc3341-253373.jpg', 'active', '2026-06-30 10:31:23.15408+00');


--
-- Data for Name: poll_options; Type: TABLE DATA; Schema: public; Owner: postgres
--

INSERT INTO "public"."poll_options" ("id", "poll_id", "text", "image_url", "order", "created_at") VALUES
	('c325ec88-61d2-4b4f-80ce-1806db9124ea', '5879d48c-8601-40e0-b272-f5c3c3d836e1', '(O Clássico): "Estilo inteiro, grande, ao centro do peito. O símbolo é a nossa essência: café, moto e estrada."', 'https://electrosal-erp-media.s3.us-east-2.amazonaws.com/motoclube/c29f9e1b-7395-431d-a1a2-40fcc1fade4b-065574a8-9d49-4fc6-8ce2-f50947053199.jpeg', 0, '2026-06-26 19:48:23.816485+00'),
	('316649da-9bf4-47bb-b365-b36a8d5d23d0', '5879d48c-8601-40e0-b272-f5c3c3d836e1', '(Asfalto): "Selado de forma discreta no peito esquerdo, com o nome do clube e estilo minimalista."', 'https://electrosal-erp-media.s3.us-east-2.amazonaws.com/motoclube/87a73d9f-1afa-4f4a-ba3a-9fbda7426c43-WhatsApp Image 2026-06-24 at 18.22.01.jpeg', 1, '2026-06-26 19:48:23.816485+00'),
	('581defd1-76a3-4387-9d08-529ce9f4ae6f', '5879d48c-8601-40e0-b272-f5c3c3d836e1', '(Estrada): "Foco na aventura e no design robusto que acompanha cada quilômetro rodado."', 'https://electrosal-erp-media.s3.us-east-2.amazonaws.com/motoclube/8027ca19-ea02-4113-af10-704d3e7f4ade-WhatsApp Image 2026-06-24 at 18.22.15.jpeg', 2, '2026-06-26 19:48:23.816485+00'),
	('a8e66ad5-fe89-4871-bf97-44087de17e11', '5879d48c-8601-40e0-b272-f5c3c3d836e1', '(Pedra Grande): "Nossas raízes em Atibaia, com um toque de respeito, liberdade e estradão."', 'https://electrosal-erp-media.s3.us-east-2.amazonaws.com/motoclube/493d18e0-e4fc-4484-a6bb-cb0c8a69d649-WhatsApp Image 2026-06-24 at 18.22.28.jpeg', 3, '2026-06-26 19:48:23.816485+00'),
	('1b44bd0f-8edf-4988-92f9-0c0433fdcd5c', 'b9a5f568-82be-4f89-baa7-a3cd3d10e364', 'Sim', NULL, 0, '2026-06-30 10:31:23.219354+00'),
	('1807a7b9-458e-4874-97c8-a17d838f8981', 'b9a5f568-82be-4f89-baa7-a3cd3d10e364', 'Não', NULL, 1, '2026-06-30 10:31:23.219354+00');


--
-- Data for Name: profiles; Type: TABLE DATA; Schema: public; Owner: postgres
--

INSERT INTO "public"."profiles" ("id", "full_name", "nickname", "city", "phone", "avatar_url", "instagram", "created_at", "updated_at", "birthdate", "partner_id", "member_type") VALUES
	('91291c73-587a-4d9e-a4fc-563a6c5fb255', 'Douglas Gregorio', NULL, NULL, NULL, NULL, NULL, '2026-07-01 15:34:34.861871+00', '2026-07-01 15:34:34.861871+00', NULL, NULL, 'piloto'),
	('41cf18bd-a62d-49d5-b042-eb22b8401523', 'Kelly Cerqueira Almeida', NULL, NULL, NULL, NULL, NULL, '2026-06-24 15:46:23.721857+00', '2026-07-02 18:42:30.433835+00', '2026-11-16', '0b3b5902-bc9d-4245-a36f-bf0b80b418e1', 'garupa'),
	('0b3b5902-bc9d-4245-a36f-bf0b80b418e1', 'Alexandre Duque de Almeida', NULL, NULL, '5511941779393', NULL, NULL, '2026-06-24 15:39:34.415831+00', '2026-07-02 18:42:30.433835+00', '1975-03-27', '41cf18bd-a62d-49d5-b042-eb22b8401523', 'piloto'),
	('ada49681-3ab5-43ce-bc4e-4eefef99d1f1', 'John Doe', NULL, NULL, NULL, NULL, NULL, '2026-07-03 14:50:29.663222+00', '2026-07-03 14:50:29.663222+00', NULL, NULL, 'piloto'),
	('6e400277-94ad-49bd-8e89-02299f919b06', 'Teste ', NULL, NULL, NULL, NULL, NULL, '2026-07-04 19:21:00.685225+00', '2026-07-04 19:21:00.685225+00', NULL, NULL, 'piloto'),
	('0950e079-e1de-422c-8158-6015a6bd3b16', 'admin', NULL, NULL, NULL, NULL, NULL, '2026-07-04 20:19:41.914983+00', '2026-07-04 20:19:41.914983+00', NULL, NULL, 'piloto');


--
-- Data for Name: poll_votes; Type: TABLE DATA; Schema: public; Owner: postgres
--

INSERT INTO "public"."poll_votes" ("id", "poll_id", "option_id", "profile_id", "created_at") VALUES
	('b7340154-3aca-448a-a3b0-92e7a2b7333d', 'b9a5f568-82be-4f89-baa7-a3cd3d10e364', '1b44bd0f-8edf-4988-92f9-0c0433fdcd5c', '91291c73-587a-4d9e-a4fc-563a6c5fb255', '2026-07-02 17:20:13.002143+00'),
	('46880d07-20be-4bbc-b1a0-d1024285ca11', '5879d48c-8601-40e0-b272-f5c3c3d836e1', '581defd1-76a3-4387-9d08-529ce9f4ae6f', '91291c73-587a-4d9e-a4fc-563a6c5fb255', '2026-07-02 17:23:21.035712+00'),
	('613bec59-6bfc-4b74-ac30-d651e9570d95', '5879d48c-8601-40e0-b272-f5c3c3d836e1', 'a8e66ad5-fe89-4871-bf97-44087de17e11', '0b3b5902-bc9d-4245-a36f-bf0b80b418e1', '2026-07-03 12:55:41.661413+00'),
	('bd39afce-a676-41e2-8ca7-9881e036531a', 'b9a5f568-82be-4f89-baa7-a3cd3d10e364', '1b44bd0f-8edf-4988-92f9-0c0433fdcd5c', '0b3b5902-bc9d-4245-a36f-bf0b80b418e1', '2026-07-03 12:56:10.523733+00');


--
-- Data for Name: routes; Type: TABLE DATA; Schema: public; Owner: postgres
--

INSERT INTO "public"."routes" ("id", "title", "description", "destination", "start_date", "meeting_point", "meeting_time", "estimated_distance_km", "waze_url", "media_url", "created_at", "created_by", "status", "estimated_duration_mins", "visited_places", "route_type", "has_financial_plan") VALUES
	('0ec44b75-b822-4477-a22f-4cd0eb66b585', 'Passeio de Pedra Bela', 'Pedra Bela é uma pequena e charmosa cidade no interior de São Paulo. Fica na Serra da Mantiqueira, a cerca de 1.120 metros de altitude. É muito famosa pela Mega Tirolesa, considerada uma das maiores do mundo, e pelo seu clima agradável de montanha.', 'Pedra Bela - SP', '2024-07-14 10:00:00+00', 'Posto Pedra Grande', '07:00:00', 62, 'https://ul.waze.com/ul?place=ChIJRW9AroVLyZQRwHi7qU6q_18&ll=-22.79479840%2C-46.44335750&navigate=yes&utm_campaign=default&utm_source=waze_website&utm_medium=lm_share_location', NULL, '2026-06-25 13:51:28.001654+00', NULL, 'completed', 120, 'Pedra Bela', 'passeio', false),
	('2c887b2d-a964-461b-854f-3bf30ab87f68', 'Monte Verde', 'Monte Verde é um charmoso distrito de Camanducaia (MG), localizado a cerca de 160 km de São Paulo. Conhecida como a "Suíça Mineira", a cidade é famosa pelo clima frio, arquitetura europeia e romantismo. É o destino perfeito para casais e amantes da natureza.', 'Monte Verde - MG', '2026-03-18 10:00:00+00', 'Posto Pedra Grande', '07:00:00', 104, 'https://ul.waze.com/ul?place=ChIJ1QdTET4QzJQROiVu16xnmgA&ll=-22.86268810%2C-46.03646040&navigate=yes&utm_campaign=default&utm_source=waze_website&utm_medium=lm_share_location', NULL, '2026-06-25 18:18:22.141234+00', NULL, 'completed', 120, 'Monte Verde', 'passeio', false),
	('d1a5767d-74df-4189-a711-d1fa6709af4a', 'Passeio Joanopolis', 'Joanópolis é uma cidade turística na Serra da Mantiqueira, a cerca de 120 km de São Paulo. Conhecida como a "Capital do Lobisomem", é famosa pela Cachoeira dos Pretos (segunda maior do estado, com 154 metros) e pelas trilhas, turismo rural e comida caipira.', 'Joanopolis', '2026-05-03 10:00:00+00', 'Posto Jd dos Pinheiros', '07:00:00', 70, 'https://www.waze.com/live-map/directions/cachoeira-dos-pretos-est.-para-a-cachoeira-joanopolis?to=place.w.205653538.2056731992.7001416&from=place.w.205391393.2054110536.255591&utm_medium=lm_share_directions&utm_campaign=default&utm_source=waze_website', NULL, '2026-06-25 18:24:38.08297+00', NULL, 'completed', 80, 'Cacheora dos Pretos', 'passeio', false),
	('10bf12af-0205-4a42-bf2c-02792877a460', 'Passeio Salesopolis', 'Salesópolis abriga o Monumento Rota Biker número 19, localizado no Rancho Terra Crua. Ele fica às margens da Represa do Rio Paraitinga. Os motociclistas costumam chegar a partir de São Paulo ou do Alto Tietê pela Rodovia SP-088, passando por Santa Branca.', 'Salesópolis abriga o Monumento Rota Biker número 19', '2026-06-21 10:00:00+00', 'Posto Jd dos Pinheiros', '07:00:00', 120, 'https://ul.waze.com/ul?place=ChIJywLkHAC_zZQR8zdfNg7FZp4&ll=-23.52126190%2C-45.89830790&navigate=yes&utm_campaign=default&utm_source=waze_website&utm_medium=lm_share_location', NULL, '2026-06-25 18:34:30.911893+00', NULL, 'completed', 120, NULL, 'passeio', false),
	('88408c00-e8a2-472b-ad01-867f86fed2b1', 'Viagem Santa Catarina', 'Planejamento Viagem Santa catarina', 'Santa Catarina - SC', '2026-10-30 20:49:00+00', 'em aberto', '09:00:00', NULL, NULL, NULL, '2026-07-02 17:53:01.417378+00', NULL, 'planning', NULL, 'Urubici', 'viagem', true),
	('a82753fa-9d15-4394-b738-dd68ee63fbea', 'Socorro - Monumento Rota Biker 12', NULL, 'Socorro - SP', '2026-07-12 14:57:00+00', 'Posto Jardim dos Pinheiros', '07:00:00', 73, 'https://www.waze.com/live-map/directions/br/sp/monumento-rota-biker-12?utm_medium=lm_share_directions&utm_campaign=default&utm_source=waze_website&to=place.ChIJ3cm-WwA_yZQRI50dnFsw--4&from=ll.-23.10894841%2C-46.52423736', NULL, '2026-07-01 12:01:37.979949+00', NULL, 'open', 70, 'Bragança Paulista , Socorro', 'passeio', true);


--
-- Data for Name: route_photos; Type: TABLE DATA; Schema: public; Owner: postgres
--

INSERT INTO "public"."route_photos" ("id", "route_id", "profile_id", "photo_url", "created_at") VALUES
	('7eafb32f-29e4-4a5a-9177-0e238d5ae218', '10bf12af-0205-4a42-bf2c-02792877a460', '0b3b5902-bc9d-4245-a36f-bf0b80b418e1', 'https://electrosal-erp-media.s3.us-east-2.amazonaws.com/motoclube/cb072cb0-d948-4ba0-8178-78d17c2a4505-2.jpg', '2026-06-29 12:58:50.483883+00'),
	('ce6518a3-29c8-45d2-a083-1466f06440a8', '10bf12af-0205-4a42-bf2c-02792877a460', '41cf18bd-a62d-49d5-b042-eb22b8401523', 'https://electrosal-erp-media.s3.us-east-2.amazonaws.com/motoclube/d1bbd18d-e006-40f9-bb6e-8980486baaad-WhatsApp Image 2026-06-26 at 13.57.37.jpg', '2026-06-29 12:59:35.28353+00'),
	('d78f02eb-b93f-4b67-a0a0-b5455cbb7b48', '10bf12af-0205-4a42-bf2c-02792877a460', '0b3b5902-bc9d-4245-a36f-bf0b80b418e1', 'https://electrosal-erp-media.s3.us-east-2.amazonaws.com/motoclube/38255036-945d-4da5-8693-278f27d3fcd5-248421.jpg', '2026-06-29 13:04:17.451574+00'),
	('16691eb2-9bb4-4b81-874c-fab8aa30a3d4', '10bf12af-0205-4a42-bf2c-02792877a460', '0b3b5902-bc9d-4245-a36f-bf0b80b418e1', 'https://electrosal-erp-media.s3.us-east-2.amazonaws.com/motoclube/a7c9d71e-2f2c-475b-96da-56e3935d8a94-248426.jpg', '2026-06-29 13:05:24.418563+00'),
	('68d47883-8f0e-4c33-95ac-2679ea63bca0', '10bf12af-0205-4a42-bf2c-02792877a460', '0b3b5902-bc9d-4245-a36f-bf0b80b418e1', 'https://electrosal-erp-media.s3.us-east-2.amazonaws.com/motoclube/331f192a-05c4-4041-8875-c2746d6ee6a8-248475.jpg', '2026-06-29 13:06:04.310922+00'),
	('f54ef344-f34f-4ea6-8e9d-f2c928a5f75e', '10bf12af-0205-4a42-bf2c-02792877a460', '0b3b5902-bc9d-4245-a36f-bf0b80b418e1', 'https://electrosal-erp-media.s3.us-east-2.amazonaws.com/motoclube/db127461-7373-4c5f-a3bb-671bf03ddc3e-248358.jpg', '2026-06-29 13:07:19.11435+00'),
	('197a846b-928b-4bad-872c-9de4a38a8651', '10bf12af-0205-4a42-bf2c-02792877a460', '0b3b5902-bc9d-4245-a36f-bf0b80b418e1', 'https://electrosal-erp-media.s3.us-east-2.amazonaws.com/motoclube/a0349956-8f6a-4750-b45a-51ebbfe220a0-248495.jpg', '2026-06-29 13:33:10.954682+00'),
	('a5eca7ce-f0b2-43ef-81e4-2f68a94ffc28', '10bf12af-0205-4a42-bf2c-02792877a460', '0b3b5902-bc9d-4245-a36f-bf0b80b418e1', 'https://electrosal-erp-media.s3.us-east-2.amazonaws.com/motoclube/cdb0af8b-95d4-475d-8c81-6eaa9cf0ef56-248557.jpg', '2026-06-29 13:33:12.262646+00'),
	('71f11ab0-e1ab-4088-8022-4339aa4071be', '10bf12af-0205-4a42-bf2c-02792877a460', '0b3b5902-bc9d-4245-a36f-bf0b80b418e1', 'https://electrosal-erp-media.s3.us-east-2.amazonaws.com/motoclube/6929d808-2b27-4aae-8e7c-d5e091e13d2d-248483.jpg', '2026-06-29 13:33:13.508946+00'),
	('7e172c1a-67b1-4659-ba76-5f951eebf412', '10bf12af-0205-4a42-bf2c-02792877a460', '0b3b5902-bc9d-4245-a36f-bf0b80b418e1', 'https://electrosal-erp-media.s3.us-east-2.amazonaws.com/motoclube/c0a89ec1-a471-4578-bd0b-5e98f8ad18e7-248545.jpg', '2026-06-29 13:33:14.196286+00'),
	('8d63294e-1450-4a6c-a06f-b6f0aef4efb3', '10bf12af-0205-4a42-bf2c-02792877a460', '0b3b5902-bc9d-4245-a36f-bf0b80b418e1', 'https://electrosal-erp-media.s3.us-east-2.amazonaws.com/motoclube/675c1e8f-d4a6-48fb-8b28-dd0fde98892b-248509.jpg', '2026-06-29 13:33:14.895525+00'),
	('7637ff45-57c8-442f-b0d3-783e04fed064', '10bf12af-0205-4a42-bf2c-02792877a460', '0b3b5902-bc9d-4245-a36f-bf0b80b418e1', 'https://electrosal-erp-media.s3.us-east-2.amazonaws.com/motoclube/6c757037-c79f-45c4-bb08-b94d5b354a8e-248536.jpg', '2026-06-29 13:33:15.661015+00'),
	('50f4f8ad-b45c-41b6-b6e2-1f5d6f0dd324', '10bf12af-0205-4a42-bf2c-02792877a460', '0b3b5902-bc9d-4245-a36f-bf0b80b418e1', 'https://electrosal-erp-media.s3.us-east-2.amazonaws.com/motoclube/5ad25a9a-4c64-4b44-9473-e95ca7f3a182-248490.jpg', '2026-06-29 13:33:16.320493+00'),
	('0dfade81-f11a-4ed9-9adf-b5a3555c9fb8', '10bf12af-0205-4a42-bf2c-02792877a460', '0b3b5902-bc9d-4245-a36f-bf0b80b418e1', 'https://electrosal-erp-media.s3.us-east-2.amazonaws.com/motoclube/6432fe78-6736-4010-b87a-044fb4d17a1d-248500.jpg', '2026-06-29 13:33:16.835229+00'),
	('abedd658-9743-4f24-ac93-26f5029d3480', '10bf12af-0205-4a42-bf2c-02792877a460', '0b3b5902-bc9d-4245-a36f-bf0b80b418e1', 'https://electrosal-erp-media.s3.us-east-2.amazonaws.com/motoclube/14258d68-ad1b-47a2-80d2-684831594e83-248498.jpg', '2026-06-29 13:33:17.34396+00'),
	('92d1d321-c7e3-4eeb-bdad-71a90476dc79', '10bf12af-0205-4a42-bf2c-02792877a460', '0b3b5902-bc9d-4245-a36f-bf0b80b418e1', 'https://electrosal-erp-media.s3.us-east-2.amazonaws.com/motoclube/bc2ba74b-0d0f-4e53-a9e8-5d50e47917b2-248444.jpg', '2026-06-29 13:33:17.877782+00'),
	('785cdd35-f605-4ed7-9ad4-ff62a3bf6a69', '10bf12af-0205-4a42-bf2c-02792877a460', '0b3b5902-bc9d-4245-a36f-bf0b80b418e1', 'https://electrosal-erp-media.s3.us-east-2.amazonaws.com/motoclube/1941a9ae-ad18-48c0-85b6-f714001795a5-248361.jpg', '2026-06-29 13:33:18.39353+00'),
	('81facd59-1cdd-487a-a467-a6aaeadd65c8', '10bf12af-0205-4a42-bf2c-02792877a460', '0b3b5902-bc9d-4245-a36f-bf0b80b418e1', 'https://electrosal-erp-media.s3.us-east-2.amazonaws.com/motoclube/9091d93b-6502-41c8-b6a9-c3a80e45b5a4-248336.jpg', '2026-06-29 13:33:18.998066+00'),
	('c1e5e9dc-dbbb-47e0-a81e-ac859ac6d30e', '10bf12af-0205-4a42-bf2c-02792877a460', '0b3b5902-bc9d-4245-a36f-bf0b80b418e1', 'https://electrosal-erp-media.s3.us-east-2.amazonaws.com/motoclube/53863250-0526-41af-8b96-eaa592f86551-248324.jpg', '2026-06-29 13:33:19.579889+00'),
	('c4728e41-fc36-4c35-9f90-8090298d7fe2', '10bf12af-0205-4a42-bf2c-02792877a460', '0b3b5902-bc9d-4245-a36f-bf0b80b418e1', 'https://electrosal-erp-media.s3.us-east-2.amazonaws.com/motoclube/867b4a1f-3a74-4d07-b5b4-dc0f883e58e8-248504.jpg', '2026-06-29 13:33:20.101845+00'),
	('e1763443-c67a-4f5c-8dd6-25c88e9548b4', '10bf12af-0205-4a42-bf2c-02792877a460', '0b3b5902-bc9d-4245-a36f-bf0b80b418e1', 'https://electrosal-erp-media.s3.us-east-2.amazonaws.com/motoclube/a0109501-08c8-41e8-913c-31f3601c7a6b-248524.jpg', '2026-06-29 13:33:20.599039+00'),
	('3b23fd18-fc96-466d-9463-51c4b6f2d90c', '10bf12af-0205-4a42-bf2c-02792877a460', '0b3b5902-bc9d-4245-a36f-bf0b80b418e1', 'https://electrosal-erp-media.s3.us-east-2.amazonaws.com/motoclube/b267b053-7af8-4d8b-a944-1305d5956e0b-248518.jpg', '2026-06-29 13:33:21.082375+00'),
	('5414faf3-fc56-4b57-a487-69bcebc1413e', '10bf12af-0205-4a42-bf2c-02792877a460', '0b3b5902-bc9d-4245-a36f-bf0b80b418e1', 'https://electrosal-erp-media.s3.us-east-2.amazonaws.com/motoclube/d53b2572-3903-4dbf-b4de-6221a083e94c-248539.jpg', '2026-06-29 13:33:21.62543+00'),
	('c91138a4-bbd9-41ef-ae1e-bc0af5ce6860', '10bf12af-0205-4a42-bf2c-02792877a460', '0b3b5902-bc9d-4245-a36f-bf0b80b418e1', 'https://electrosal-erp-media.s3.us-east-2.amazonaws.com/motoclube/17991c37-d7cf-4bd9-a52c-89879320b524-248523.jpg', '2026-06-29 13:33:22.333982+00'),
	('ec3d6c4f-c613-4194-88a8-ec530e3a4c44', '10bf12af-0205-4a42-bf2c-02792877a460', '0b3b5902-bc9d-4245-a36f-bf0b80b418e1', 'https://electrosal-erp-media.s3.us-east-2.amazonaws.com/motoclube/87f21555-78f3-42e1-b64e-73d994c10ace-248441.jpg', '2026-06-29 13:33:22.872871+00'),
	('ae01d549-cb14-4c9c-8c33-c4e20778c4cd', '10bf12af-0205-4a42-bf2c-02792877a460', '0b3b5902-bc9d-4245-a36f-bf0b80b418e1', 'https://electrosal-erp-media.s3.us-east-2.amazonaws.com/motoclube/5d9ee8c2-9be9-4763-a688-2111ecc27efd-248469.jpg', '2026-06-29 13:33:23.384692+00'),
	('06988172-1d14-4af5-a18e-8566ecb649cd', '10bf12af-0205-4a42-bf2c-02792877a460', '0b3b5902-bc9d-4245-a36f-bf0b80b418e1', 'https://electrosal-erp-media.s3.us-east-2.amazonaws.com/motoclube/c177aaa1-54ed-478f-9eac-785be9689df0-248474.jpg', '2026-06-29 13:33:23.92477+00'),
	('329116b5-8ef4-4999-9869-04762ab342a0', '10bf12af-0205-4a42-bf2c-02792877a460', '0b3b5902-bc9d-4245-a36f-bf0b80b418e1', 'https://electrosal-erp-media.s3.us-east-2.amazonaws.com/motoclube/f475eb09-1dff-4573-828d-d94077297242-248481.jpg', '2026-06-29 13:33:24.459338+00'),
	('f06665f3-6cc8-4321-a5ce-5dcbd95d6b2a', '10bf12af-0205-4a42-bf2c-02792877a460', '0b3b5902-bc9d-4245-a36f-bf0b80b418e1', 'https://electrosal-erp-media.s3.us-east-2.amazonaws.com/motoclube/8832dc7d-9bf7-49d8-8900-a9e9c7f18858-248463.jpg', '2026-06-29 13:33:24.998109+00'),
	('2992f76e-3831-41ed-8ba2-f026d0a05592', '10bf12af-0205-4a42-bf2c-02792877a460', '0b3b5902-bc9d-4245-a36f-bf0b80b418e1', 'https://electrosal-erp-media.s3.us-east-2.amazonaws.com/motoclube/ddc8e205-d027-4dbc-a64b-6678a5cbe64e-248352.jpg', '2026-06-29 13:33:25.619272+00'),
	('07a316e5-9fa2-4837-a891-728112a0d257', '10bf12af-0205-4a42-bf2c-02792877a460', '0b3b5902-bc9d-4245-a36f-bf0b80b418e1', 'https://electrosal-erp-media.s3.us-east-2.amazonaws.com/motoclube/7f514971-6150-4a91-b13a-e04d109d1265-248330.jpg', '2026-06-29 13:33:26.103918+00'),
	('4de71f1d-58ac-4f5d-8f93-52a6ebc1d8da', '10bf12af-0205-4a42-bf2c-02792877a460', '0b3b5902-bc9d-4245-a36f-bf0b80b418e1', 'https://electrosal-erp-media.s3.us-east-2.amazonaws.com/motoclube/6938d4c9-dec8-44b2-be26-35bd3f2f9059-248296.jpg', '2026-06-29 13:33:26.616023+00'),
	('862ad6e7-a794-4490-9c33-6eb6d9d95f16', '10bf12af-0205-4a42-bf2c-02792877a460', '0b3b5902-bc9d-4245-a36f-bf0b80b418e1', 'https://electrosal-erp-media.s3.us-east-2.amazonaws.com/motoclube/3feb982b-77a8-4a30-81a5-3df2d1ae555c-248298.jpg', '2026-06-29 13:33:27.158538+00'),
	('1414ab3b-f61b-431d-959e-9d33268f8270', '10bf12af-0205-4a42-bf2c-02792877a460', '0b3b5902-bc9d-4245-a36f-bf0b80b418e1', 'https://electrosal-erp-media.s3.us-east-2.amazonaws.com/motoclube/c80a2265-a363-4e42-bb76-131cd4419412-248292.jpg', '2026-06-29 13:33:27.66546+00'),
	('7f9d036e-060b-4b9e-89d4-7d4ac4e9e729', '10bf12af-0205-4a42-bf2c-02792877a460', '0b3b5902-bc9d-4245-a36f-bf0b80b418e1', 'https://electrosal-erp-media.s3.us-east-2.amazonaws.com/motoclube/caeb1852-bf8e-4108-b105-f12f88fcdb4e-248272.jpg', '2026-06-29 13:33:28.279762+00'),
	('b80b138c-4468-4839-b77e-0f1114b509c5', '10bf12af-0205-4a42-bf2c-02792877a460', '0b3b5902-bc9d-4245-a36f-bf0b80b418e1', 'https://electrosal-erp-media.s3.us-east-2.amazonaws.com/motoclube/f6d22e8c-0331-422f-b588-9157af296349-248244.jpg', '2026-06-29 13:33:28.822672+00'),
	('762e615c-6b78-44ea-b3f2-4e19ddfd7664', '10bf12af-0205-4a42-bf2c-02792877a460', '0b3b5902-bc9d-4245-a36f-bf0b80b418e1', 'https://electrosal-erp-media.s3.us-east-2.amazonaws.com/motoclube/b1e09765-e7ee-48bb-840f-7fce5637fb2a-248232.jpg', '2026-06-29 13:33:29.365047+00'),
	('9c8a06e2-6e8a-4e4c-bc17-04e2652735a0', '10bf12af-0205-4a42-bf2c-02792877a460', '0b3b5902-bc9d-4245-a36f-bf0b80b418e1', 'https://electrosal-erp-media.s3.us-east-2.amazonaws.com/motoclube/b6ef61d4-8d86-419f-b6e8-0a7c293ac033-248216.jpg', '2026-06-29 13:33:29.874821+00'),
	('d7a61904-c8fb-4113-b072-334c739df29a', '2c887b2d-a964-461b-854f-3bf30ab87f68', '0b3b5902-bc9d-4245-a36f-bf0b80b418e1', 'https://electrosal-erp-media.s3.us-east-2.amazonaws.com/motoclube/8a93dc89-cabc-4be0-85c9-d02281aec646-235459.jpg', '2026-06-29 20:49:44.703532+00'),
	('9c5528bf-665b-4565-b1f5-51f155e90902', '2c887b2d-a964-461b-854f-3bf30ab87f68', '0b3b5902-bc9d-4245-a36f-bf0b80b418e1', 'https://electrosal-erp-media.s3.us-east-2.amazonaws.com/motoclube/d282b956-8d89-4840-9986-be196652d5bb-9132.jpg', '2026-06-29 20:49:45.550169+00'),
	('dd84fa0e-9496-47be-b8e8-5279169d56a1', '2c887b2d-a964-461b-854f-3bf30ab87f68', '0b3b5902-bc9d-4245-a36f-bf0b80b418e1', 'https://electrosal-erp-media.s3.us-east-2.amazonaws.com/motoclube/a80e649f-da6f-4e3d-a78f-8c8ba248576b-9130.jpg', '2026-06-29 20:49:46.28767+00'),
	('a955f1bc-a146-4dfe-8013-79733521d3a4', '2c887b2d-a964-461b-854f-3bf30ab87f68', '0b3b5902-bc9d-4245-a36f-bf0b80b418e1', 'https://electrosal-erp-media.s3.us-east-2.amazonaws.com/motoclube/55edd64d-a333-4c33-b116-59cdf462c136-9133.jpg', '2026-06-29 20:49:47.1365+00'),
	('1a1549a1-73ee-4214-ac8f-d92d57889521', '2c887b2d-a964-461b-854f-3bf30ab87f68', '0b3b5902-bc9d-4245-a36f-bf0b80b418e1', 'https://electrosal-erp-media.s3.us-east-2.amazonaws.com/motoclube/dfc9a5eb-4bbb-44c3-8081-a346d004d1ad-9137.jpg', '2026-06-29 20:49:47.711456+00'),
	('539fc06d-d8c1-4146-a960-4336328f78f1', '2c887b2d-a964-461b-854f-3bf30ab87f68', '0b3b5902-bc9d-4245-a36f-bf0b80b418e1', 'https://electrosal-erp-media.s3.us-east-2.amazonaws.com/motoclube/f53a7f0c-0f76-4b94-8e04-5f92e714372a-9136.jpg', '2026-06-29 20:49:48.232985+00'),
	('6b89c5ef-1f86-442d-a5cc-2e77082757b8', '2c887b2d-a964-461b-854f-3bf30ab87f68', '0b3b5902-bc9d-4245-a36f-bf0b80b418e1', 'https://electrosal-erp-media.s3.us-east-2.amazonaws.com/motoclube/6027166a-6dd2-43e5-bdb9-d082fa719fc6-9147.jpg', '2026-06-29 20:49:48.768072+00'),
	('f8b0cd00-f66c-481f-9b7c-8d7451796b05', '2c887b2d-a964-461b-854f-3bf30ab87f68', '0b3b5902-bc9d-4245-a36f-bf0b80b418e1', 'https://electrosal-erp-media.s3.us-east-2.amazonaws.com/motoclube/e4f71d08-3199-466f-b017-8f267bb6921b-9138.jpg', '2026-06-29 20:49:49.332742+00'),
	('02168e94-40a2-4ad5-a2eb-0689006318be', '2c887b2d-a964-461b-854f-3bf30ab87f68', '0b3b5902-bc9d-4245-a36f-bf0b80b418e1', 'https://electrosal-erp-media.s3.us-east-2.amazonaws.com/motoclube/7d952231-ce63-4d1a-83fb-831388f671c6-9148.jpg', '2026-06-29 20:49:50.064526+00'),
	('e5460a07-f898-4956-b968-3899b033ee1a', '2c887b2d-a964-461b-854f-3bf30ab87f68', '0b3b5902-bc9d-4245-a36f-bf0b80b418e1', 'https://electrosal-erp-media.s3.us-east-2.amazonaws.com/motoclube/741ffb27-f9f0-4aee-a8c5-a49db7dd15f3-9120.jpg', '2026-06-29 20:49:50.647538+00'),
	('c367a045-0845-40a1-aa55-5a7de829b476', '2c887b2d-a964-461b-854f-3bf30ab87f68', '0b3b5902-bc9d-4245-a36f-bf0b80b418e1', 'https://electrosal-erp-media.s3.us-east-2.amazonaws.com/motoclube/2f50f63f-3353-4807-a4ed-c4808ae7d7b5-9152.jpg', '2026-06-29 20:49:51.182402+00'),
	('1a8ece47-146f-4017-9a63-990513127c44', '2c887b2d-a964-461b-854f-3bf30ab87f68', '0b3b5902-bc9d-4245-a36f-bf0b80b418e1', 'https://electrosal-erp-media.s3.us-east-2.amazonaws.com/motoclube/e320076c-d24a-4ddc-a671-f41f0deeb9b9-9153.jpg', '2026-06-29 20:49:51.76535+00'),
	('03194e87-c11a-4ba5-bc6f-a3f60cd1b5d7', '2c887b2d-a964-461b-854f-3bf30ab87f68', '0b3b5902-bc9d-4245-a36f-bf0b80b418e1', 'https://electrosal-erp-media.s3.us-east-2.amazonaws.com/motoclube/47c95f63-796f-4f23-a5fe-d211059773c8-9169.jpg', '2026-06-29 20:49:52.574781+00'),
	('24965f0d-0801-46c2-b3af-48736edd290c', '2c887b2d-a964-461b-854f-3bf30ab87f68', '0b3b5902-bc9d-4245-a36f-bf0b80b418e1', 'https://electrosal-erp-media.s3.us-east-2.amazonaws.com/motoclube/2dc0a3d6-84c8-4224-ab61-beea0e0def93-9168.jpg', '2026-06-29 20:49:53.270091+00'),
	('3a0a1049-9e20-4c68-828c-b55f5fc98848', '2c887b2d-a964-461b-854f-3bf30ab87f68', '0b3b5902-bc9d-4245-a36f-bf0b80b418e1', 'https://electrosal-erp-media.s3.us-east-2.amazonaws.com/motoclube/2c900460-a97e-44f0-869d-1be7f3a48b52-9173.jpg', '2026-06-29 20:49:53.813984+00'),
	('dda2202c-eb66-43d1-b749-716e5979ac0d', '2c887b2d-a964-461b-854f-3bf30ab87f68', '0b3b5902-bc9d-4245-a36f-bf0b80b418e1', 'https://electrosal-erp-media.s3.us-east-2.amazonaws.com/motoclube/90058f31-662e-4a46-8222-e01c31ae89df-9171.jpg', '2026-06-29 20:49:54.388798+00'),
	('a647148a-0386-4bb0-9e23-962fa271fa9f', '2c887b2d-a964-461b-854f-3bf30ab87f68', '0b3b5902-bc9d-4245-a36f-bf0b80b418e1', 'https://electrosal-erp-media.s3.us-east-2.amazonaws.com/motoclube/99398d2d-c310-4cf4-a9cd-35ba77d4573f-9175.jpg', '2026-06-29 20:49:54.938537+00'),
	('72b6e1b0-99fd-4b59-94c7-ea0ccea99d77', '2c887b2d-a964-461b-854f-3bf30ab87f68', '0b3b5902-bc9d-4245-a36f-bf0b80b418e1', 'https://electrosal-erp-media.s3.us-east-2.amazonaws.com/motoclube/bb3b7e97-725b-4c5d-adce-2874c21088a4-9188.jpg', '2026-06-29 20:49:55.489148+00'),
	('6a5e7312-07f7-4370-b035-230225db1818', '2c887b2d-a964-461b-854f-3bf30ab87f68', '0b3b5902-bc9d-4245-a36f-bf0b80b418e1', 'https://electrosal-erp-media.s3.us-east-2.amazonaws.com/motoclube/66c66803-1449-4389-8c53-5f38045f5081-9189.jpg', '2026-06-29 20:49:56.202539+00'),
	('51b07e9f-e35a-4f6e-8b25-e2e63727c2cf', 'd1a5767d-74df-4189-a711-d1fa6709af4a', '0b3b5902-bc9d-4245-a36f-bf0b80b418e1', 'https://electrosal-erp-media.s3.us-east-2.amazonaws.com/motoclube/f123e6ac-4594-4407-a807-94c0d95deac1-219535.jpg', '2026-06-29 20:52:01.719899+00'),
	('64135731-6056-440a-b272-ede0c0d88fc6', 'd1a5767d-74df-4189-a711-d1fa6709af4a', '0b3b5902-bc9d-4245-a36f-bf0b80b418e1', 'https://electrosal-erp-media.s3.us-east-2.amazonaws.com/motoclube/c11330f7-0fc9-491a-9982-8357c58b6b2c-219539.jpg', '2026-06-29 20:52:02.425773+00'),
	('ea72e82e-afaf-4726-bf69-13d8a5e3a72f', 'd1a5767d-74df-4189-a711-d1fa6709af4a', '0b3b5902-bc9d-4245-a36f-bf0b80b418e1', 'https://electrosal-erp-media.s3.us-east-2.amazonaws.com/motoclube/b7cd3bb3-7b37-4067-9c38-299669392622-219527.jpg', '2026-06-29 20:52:03.082001+00'),
	('708c4c56-2b1b-43ef-a09a-02bf426a4eda', 'd1a5767d-74df-4189-a711-d1fa6709af4a', '0b3b5902-bc9d-4245-a36f-bf0b80b418e1', 'https://electrosal-erp-media.s3.us-east-2.amazonaws.com/motoclube/b0944b9a-69f6-4e2f-be25-982f972f344b-219537.jpg', '2026-06-29 20:52:03.647658+00'),
	('825424dd-cd2f-4bac-8e41-04caa9ba97c3', 'd1a5767d-74df-4189-a711-d1fa6709af4a', '0b3b5902-bc9d-4245-a36f-bf0b80b418e1', 'https://electrosal-erp-media.s3.us-east-2.amazonaws.com/motoclube/e66dd4c0-2642-4fca-ba6e-61d14dc2646c-219531.jpg', '2026-06-29 20:52:04.175722+00'),
	('d57ee745-e0f9-4d7f-8273-31de2e942656', 'd1a5767d-74df-4189-a711-d1fa6709af4a', '0b3b5902-bc9d-4245-a36f-bf0b80b418e1', 'https://electrosal-erp-media.s3.us-east-2.amazonaws.com/motoclube/a79a7bd2-bdfc-4b18-b527-0767d4913b9b-219372.jpg', '2026-06-29 20:52:04.882733+00'),
	('84d8465d-1ca6-48b9-87af-73d10bebd32b', 'd1a5767d-74df-4189-a711-d1fa6709af4a', '0b3b5902-bc9d-4245-a36f-bf0b80b418e1', 'https://electrosal-erp-media.s3.us-east-2.amazonaws.com/motoclube/ae4e1266-bfef-48f6-8565-f0d12599b41a-219370.jpg', '2026-06-29 20:52:05.622405+00'),
	('ac555723-0047-444b-baa9-319dd2f4c7ce', 'd1a5767d-74df-4189-a711-d1fa6709af4a', '0b3b5902-bc9d-4245-a36f-bf0b80b418e1', 'https://electrosal-erp-media.s3.us-east-2.amazonaws.com/motoclube/f1414c11-3f92-4459-9f57-384f1528dca9-219374.jpg', '2026-06-29 20:52:06.309799+00'),
	('b864fa8f-44e1-4b2c-8d4f-770c54d6e552', 'd1a5767d-74df-4189-a711-d1fa6709af4a', '0b3b5902-bc9d-4245-a36f-bf0b80b418e1', 'https://electrosal-erp-media.s3.us-east-2.amazonaws.com/motoclube/63627f3a-6c20-4a2c-b33d-9d018f1f5e71-219376.jpg', '2026-06-29 20:52:07.066547+00'),
	('8844e376-298a-4268-8861-fc36545d63a3', 'd1a5767d-74df-4189-a711-d1fa6709af4a', '0b3b5902-bc9d-4245-a36f-bf0b80b418e1', 'https://electrosal-erp-media.s3.us-east-2.amazonaws.com/motoclube/abd2717d-3196-4aad-b902-349725a6dc46-219380.jpg', '2026-06-29 20:52:07.625952+00'),
	('36b3e89b-29d5-4050-87f1-c3e6f1f86e32', 'd1a5767d-74df-4189-a711-d1fa6709af4a', '0b3b5902-bc9d-4245-a36f-bf0b80b418e1', 'https://electrosal-erp-media.s3.us-east-2.amazonaws.com/motoclube/c5ac1e92-8b9d-4366-93ee-ad08cd8b790f-219367.jpg', '2026-06-29 20:52:08.313458+00'),
	('02493e98-60ef-4624-a171-15e946e9a98b', 'd1a5767d-74df-4189-a711-d1fa6709af4a', '0b3b5902-bc9d-4245-a36f-bf0b80b418e1', 'https://electrosal-erp-media.s3.us-east-2.amazonaws.com/motoclube/d99f1dcb-72f7-4f9d-acc5-f7933d23b066-219364.jpg', '2026-06-29 20:52:09.014278+00'),
	('88277c94-1185-4914-bb49-9de25ae8d488', 'd1a5767d-74df-4189-a711-d1fa6709af4a', '0b3b5902-bc9d-4245-a36f-bf0b80b418e1', 'https://electrosal-erp-media.s3.us-east-2.amazonaws.com/motoclube/1d70afad-9dd7-4c29-80bf-860359366a35-219352.jpg', '2026-06-29 20:52:09.582877+00'),
	('84b8b84f-e2e8-4573-8528-d161eb5f38cb', 'd1a5767d-74df-4189-a711-d1fa6709af4a', '0b3b5902-bc9d-4245-a36f-bf0b80b418e1', 'https://electrosal-erp-media.s3.us-east-2.amazonaws.com/motoclube/3dc130f9-1ce5-434d-ba24-7c58bcd55f56-219321.jpg', '2026-06-29 20:52:10.172452+00'),
	('6dae2e09-2675-43b1-8ce6-141a218d4066', 'd1a5767d-74df-4189-a711-d1fa6709af4a', '0b3b5902-bc9d-4245-a36f-bf0b80b418e1', 'https://electrosal-erp-media.s3.us-east-2.amazonaws.com/motoclube/aea98748-aa40-4f91-b394-d981ac4c76cb-219308.jpg', '2026-06-29 20:52:10.686969+00'),
	('271fb409-2892-4182-97dd-8045ad7280b4', 'd1a5767d-74df-4189-a711-d1fa6709af4a', '0b3b5902-bc9d-4245-a36f-bf0b80b418e1', 'https://electrosal-erp-media.s3.us-east-2.amazonaws.com/motoclube/1549ba99-fa1d-49dd-a221-e8753bc79650-219311.jpg', '2026-06-29 20:52:11.211543+00'),
	('0f776ff7-00bf-4781-9ede-a524d6be6cc8', 'd1a5767d-74df-4189-a711-d1fa6709af4a', '0b3b5902-bc9d-4245-a36f-bf0b80b418e1', 'https://electrosal-erp-media.s3.us-east-2.amazonaws.com/motoclube/79d83a6a-ee89-4f7e-936d-4425df47d567-219305.jpg', '2026-06-29 20:52:11.739042+00'),
	('83a09c52-5be9-4ace-97ab-ba6e12e5cd84', 'd1a5767d-74df-4189-a711-d1fa6709af4a', '0b3b5902-bc9d-4245-a36f-bf0b80b418e1', 'https://electrosal-erp-media.s3.us-east-2.amazonaws.com/motoclube/1a7bac71-d76f-4425-8fe1-bfde4eed2f23-219254.jpg', '2026-06-29 20:52:12.402864+00'),
	('c18f01e5-1235-489a-bce0-bca113b63ed9', 'd1a5767d-74df-4189-a711-d1fa6709af4a', '0b3b5902-bc9d-4245-a36f-bf0b80b418e1', 'https://electrosal-erp-media.s3.us-east-2.amazonaws.com/motoclube/805cea98-ddb6-48eb-bb85-94964ba2aa01-219213.jpg', '2026-06-29 20:52:13.098749+00'),
	('6c9758d5-f100-4d09-b94e-07367ff4aa71', 'd1a5767d-74df-4189-a711-d1fa6709af4a', '0b3b5902-bc9d-4245-a36f-bf0b80b418e1', 'https://electrosal-erp-media.s3.us-east-2.amazonaws.com/motoclube/fae11bd4-dd5f-4ed1-b359-093f31c9dc5b-219211.jpg', '2026-06-29 20:52:13.665663+00'),
	('93316161-d708-49ae-813e-f41a9231ba3d', 'd1a5767d-74df-4189-a711-d1fa6709af4a', '0b3b5902-bc9d-4245-a36f-bf0b80b418e1', 'https://electrosal-erp-media.s3.us-east-2.amazonaws.com/motoclube/458dadf5-48ab-474a-88aa-e70b9b4a2675-219192.jpg', '2026-06-29 20:52:15.325458+00'),
	('37dbffdf-7b24-438c-be76-b01b1bc588ad', 'd1a5767d-74df-4189-a711-d1fa6709af4a', '0b3b5902-bc9d-4245-a36f-bf0b80b418e1', 'https://electrosal-erp-media.s3.us-east-2.amazonaws.com/motoclube/7767567c-9098-4e45-b392-4d187d67bdca-218951.jpg', '2026-06-29 20:52:17.0454+00'),
	('509f30a7-cd9b-41bf-9bb4-ac36d86fe9c2', 'd1a5767d-74df-4189-a711-d1fa6709af4a', '0b3b5902-bc9d-4245-a36f-bf0b80b418e1', 'https://electrosal-erp-media.s3.us-east-2.amazonaws.com/motoclube/52b43a62-9d07-406b-b8fd-9837986f0be6-219199.jpg', '2026-06-29 20:52:14.20815+00'),
	('7083d0fa-38c1-4319-a001-3d4c241ef411', 'd1a5767d-74df-4189-a711-d1fa6709af4a', '0b3b5902-bc9d-4245-a36f-bf0b80b418e1', 'https://electrosal-erp-media.s3.us-east-2.amazonaws.com/motoclube/3532d3cb-6a82-421f-8561-60d4cb28cfcc-219003.jpg', '2026-06-29 20:52:15.957723+00'),
	('a6dea0c3-8f25-49fa-a6c0-d46ab3b99800', 'd1a5767d-74df-4189-a711-d1fa6709af4a', '0b3b5902-bc9d-4245-a36f-bf0b80b418e1', 'https://electrosal-erp-media.s3.us-east-2.amazonaws.com/motoclube/4c17f133-3e36-4f98-8ace-caa668c72744-219180.jpg', '2026-06-29 20:52:17.534553+00'),
	('84cfb8ba-720c-4d6a-bca3-d3866700bd94', 'd1a5767d-74df-4189-a711-d1fa6709af4a', '0b3b5902-bc9d-4245-a36f-bf0b80b418e1', 'https://electrosal-erp-media.s3.us-east-2.amazonaws.com/motoclube/b4078d82-2a71-497c-acc5-41b4c4b8a754-219186.jpg', '2026-06-29 20:52:14.709413+00'),
	('96054115-5c45-4656-8b01-3cdb3acaa38f', 'd1a5767d-74df-4189-a711-d1fa6709af4a', '0b3b5902-bc9d-4245-a36f-bf0b80b418e1', 'https://electrosal-erp-media.s3.us-east-2.amazonaws.com/motoclube/b44e125b-32b7-4a27-ac18-744d6d912131-219000.jpg', '2026-06-29 20:52:16.493596+00'),
	('847bb3c3-c243-46b7-906a-ba442a92d039', '0ec44b75-b822-4477-a22f-4cd0eb66b585', '0b3b5902-bc9d-4245-a36f-bf0b80b418e1', 'https://electrosal-erp-media.s3.us-east-2.amazonaws.com/motoclube/b2dd0013-1d17-40ea-b2a8-1cedc9c52c24-4258.jpg', '2026-06-29 20:55:25.137702+00'),
	('6f5b9857-32b6-405a-9764-6e09a2e67c56', '0ec44b75-b822-4477-a22f-4cd0eb66b585', '0b3b5902-bc9d-4245-a36f-bf0b80b418e1', 'https://electrosal-erp-media.s3.us-east-2.amazonaws.com/motoclube/55b07571-fd6f-4b40-bd28-593a924a0fd4-4260.jpg', '2026-06-29 20:55:26.135075+00'),
	('5ef393ca-e482-456b-9d93-bdb4f4b4258c', '0ec44b75-b822-4477-a22f-4cd0eb66b585', '0b3b5902-bc9d-4245-a36f-bf0b80b418e1', 'https://electrosal-erp-media.s3.us-east-2.amazonaws.com/motoclube/cdcce870-d59a-4887-a6a5-6953d8df8f42-4261.jpg', '2026-06-29 20:55:27.121058+00'),
	('18e7a587-7df5-4a62-a9a9-35b053d83aa6', '0ec44b75-b822-4477-a22f-4cd0eb66b585', '0b3b5902-bc9d-4245-a36f-bf0b80b418e1', 'https://electrosal-erp-media.s3.us-east-2.amazonaws.com/motoclube/5a5d35de-b917-43fb-91f5-1df635391fd8-4299.jpg', '2026-06-29 20:55:27.969161+00'),
	('d5f24a9d-d45d-4fdf-83b4-b92e572c70df', '0ec44b75-b822-4477-a22f-4cd0eb66b585', '0b3b5902-bc9d-4245-a36f-bf0b80b418e1', 'https://electrosal-erp-media.s3.us-east-2.amazonaws.com/motoclube/7424e95b-d3c2-4178-8edf-686ae3555e5d-4304.jpg', '2026-06-29 20:55:29.168981+00'),
	('c19a595d-dbb1-468f-bfcd-db809bda0e01', '0ec44b75-b822-4477-a22f-4cd0eb66b585', '0b3b5902-bc9d-4245-a36f-bf0b80b418e1', 'https://electrosal-erp-media.s3.us-east-2.amazonaws.com/motoclube/d0b0ca4c-4e78-4c6c-a0d0-fb7e06d4aec1-4309.jpg', '2026-06-29 20:55:30.03933+00'),
	('1a7d7929-f704-44d4-9e92-fa586db242cd', '0ec44b75-b822-4477-a22f-4cd0eb66b585', '0b3b5902-bc9d-4245-a36f-bf0b80b418e1', 'https://electrosal-erp-media.s3.us-east-2.amazonaws.com/motoclube/6f0903ff-77ee-44da-b53e-757f8c8d5708-4312.jpg', '2026-06-29 20:55:31.013769+00'),
	('c7d80931-eb04-4935-901d-1280f78e498e', '0ec44b75-b822-4477-a22f-4cd0eb66b585', '0b3b5902-bc9d-4245-a36f-bf0b80b418e1', 'https://electrosal-erp-media.s3.us-east-2.amazonaws.com/motoclube/8b81f2ee-4f3c-46cc-a798-02cd1e5e315b-4310.jpg', '2026-06-29 20:55:32.246755+00'),
	('8a6cee07-a95a-4ab3-ba62-42028fe97424', '0ec44b75-b822-4477-a22f-4cd0eb66b585', '0b3b5902-bc9d-4245-a36f-bf0b80b418e1', 'https://electrosal-erp-media.s3.us-east-2.amazonaws.com/motoclube/cd905b61-6672-41f5-8b2c-dd9a0d83c10b-4314.jpg', '2026-06-29 20:55:33.038785+00'),
	('1333b2e9-f06c-41f2-9936-62ef02b7e51b', '0ec44b75-b822-4477-a22f-4cd0eb66b585', '0b3b5902-bc9d-4245-a36f-bf0b80b418e1', 'https://electrosal-erp-media.s3.us-east-2.amazonaws.com/motoclube/41eb34b7-1040-497d-aedf-58bcfbac190e-4264.jpg', '2026-06-29 20:55:33.847466+00'),
	('ea47ccea-ca8f-474f-a2a7-2bf9d5727804', '0ec44b75-b822-4477-a22f-4cd0eb66b585', '0b3b5902-bc9d-4245-a36f-bf0b80b418e1', 'https://electrosal-erp-media.s3.us-east-2.amazonaws.com/motoclube/79f5a6d1-2202-4744-b597-6ed7987e4dcb-4265.jpg', '2026-06-29 20:55:34.691519+00'),
	('09cb58a2-4202-47e1-b105-a81a6e97e251', '0ec44b75-b822-4477-a22f-4cd0eb66b585', '0b3b5902-bc9d-4245-a36f-bf0b80b418e1', 'https://electrosal-erp-media.s3.us-east-2.amazonaws.com/motoclube/0e775ff9-90dc-4dbf-a4cb-095fc5a25c79-4266.jpg', '2026-06-29 20:55:35.696524+00'),
	('9a181602-e98c-4b34-8997-961dfaade512', '0ec44b75-b822-4477-a22f-4cd0eb66b585', '0b3b5902-bc9d-4245-a36f-bf0b80b418e1', 'https://electrosal-erp-media.s3.us-east-2.amazonaws.com/motoclube/7bbcc3bb-5c47-438c-9566-7481ca977f80-4267.jpg', '2026-06-29 20:55:36.516414+00'),
	('c2750568-7d4c-4284-a974-7f2b5c02f96c', '0ec44b75-b822-4477-a22f-4cd0eb66b585', '0b3b5902-bc9d-4245-a36f-bf0b80b418e1', 'https://electrosal-erp-media.s3.us-east-2.amazonaws.com/motoclube/0bfd60e3-fae0-4e11-8f1f-0b6ddea6dc27-4268.jpg', '2026-06-29 20:55:37.477383+00'),
	('1f385410-b713-4a53-b4e5-57832e40eaba', '0ec44b75-b822-4477-a22f-4cd0eb66b585', '0b3b5902-bc9d-4245-a36f-bf0b80b418e1', 'https://electrosal-erp-media.s3.us-east-2.amazonaws.com/motoclube/2ed1fb87-f3a4-4118-a44a-adc5917ee3e0-4270.jpg', '2026-06-29 20:55:38.453122+00'),
	('7c58dafb-df8b-4366-9e4e-d8e6a7c6ec4b', '0ec44b75-b822-4477-a22f-4cd0eb66b585', '0b3b5902-bc9d-4245-a36f-bf0b80b418e1', 'https://electrosal-erp-media.s3.us-east-2.amazonaws.com/motoclube/92db0203-a2b5-4d82-b536-71a9ef2e41e6-4271.jpg', '2026-06-29 20:55:39.404875+00'),
	('c83e39f8-ee47-4c09-993f-12be907e7787', '0ec44b75-b822-4477-a22f-4cd0eb66b585', '0b3b5902-bc9d-4245-a36f-bf0b80b418e1', 'https://electrosal-erp-media.s3.us-east-2.amazonaws.com/motoclube/00a1ac05-cbe4-471a-ac4d-c471cc87728c-4276.jpg', '2026-06-29 20:55:40.404944+00'),
	('a44d566b-b97a-479d-bc85-78ba9567f30a', '0ec44b75-b822-4477-a22f-4cd0eb66b585', '0b3b5902-bc9d-4245-a36f-bf0b80b418e1', 'https://electrosal-erp-media.s3.us-east-2.amazonaws.com/motoclube/036bbe22-136f-48b4-a756-90dcda89b21f-4277.jpg', '2026-06-29 20:55:41.375739+00'),
	('00dc9167-789d-4321-ac71-12ea689b01fe', '0ec44b75-b822-4477-a22f-4cd0eb66b585', '0b3b5902-bc9d-4245-a36f-bf0b80b418e1', 'https://electrosal-erp-media.s3.us-east-2.amazonaws.com/motoclube/2078d831-91fe-434c-b01d-bb140f3f30bc-4281.jpg', '2026-06-29 20:55:42.180686+00'),
	('1f03eabb-69ff-449a-8b4a-f7f656b1a8cc', '10bf12af-0205-4a42-bf2c-02792877a460', '0b3b5902-bc9d-4245-a36f-bf0b80b418e1', 'https://electrosal-erp-media.s3.us-east-2.amazonaws.com/motoclube/c5a1edf4-32e0-441e-9147-7d5b805fbc5d-250462.jpg', '2026-07-02 17:23:34.324889+00');


--
-- Data for Name: site_content; Type: TABLE DATA; Schema: public; Owner: postgres
--

INSERT INTO "public"."site_content" ("key", "value", "status", "updated_at") VALUES
	('general', '{"logo_url": "https://electrosal-erp-media.s3.us-east-2.amazonaws.com/motoclube/ecc2cfd4-b3fc-4367-8458-48e267561e96-Design sem nome(2).svg"}', 'published', '2026-06-24 20:30:22.931971+00'),
	('contact', '{"email": "contato@cafemotoasfalto.com.br", "address": "Atibaia — São Paulo — Brasil", "whatsapp": "Solicite o contato pela mensagem ao lado", "instagram": "@cafe_moto_asfalto"}', 'published', '2026-06-25 22:01:46.527285+00'),
	('club_story', '{"title": "Café Moto e Asfalto", "paragraph": "Tudo começou com um grupo de amigos, algumas motos e uma vontade enorme de pegar a estrada.\n\nCriamos esse espaço pra dividir o que move a nossa turma: o cheiro do asfalto de manhã cedo, o café quente numa parada no meio do caminho e as paisagens do interior de SP — e além — que só quem anda de moto conhece de verdade.\n\nDe Pedra Bela, Monte Verde, Joanópolis, Salesópolis e muitos outros que estão por vir, cada rolê vira história e a amizade se fortalece. Aqui a gente compartilha nossos passeios, viagens, paradas e os melhores momentos da estrada."}', 'published', '2026-06-25 22:01:47.724212+00'),
	('hero', '{"title": "Café quente.\nAsfalto livre.", "eyebrow": "Atibaia · SP · Desde 2024", "subtitle": "\"O primeiro de muitos quilômetros juntos.\" Um grupo de amigos, algumas motos e uma vontade enorme de pegar a estrada.", "cta_label": "Conheça o clube", "bg_image_url": "https://electrosal-erp-media.s3.us-east-2.amazonaws.com/motoclube/286b92c3-2d73-4d64-b889-4f49c6f91bba-bk1.jpg"}', 'published', '2026-06-25 22:06:05.604349+00');


--
-- Data for Name: trip_financial_plans; Type: TABLE DATA; Schema: public; Owner: postgres
--

INSERT INTO "public"."trip_financial_plans" ("id", "route_id", "profile_id", "costs", "observations", "fuel_calc", "has_passenger", "created_at", "updated_at") VALUES
	('b3218148-34c3-471a-a247-2d18e6423d4c', '88408c00-e8a2-472b-ad01-867f86fed2b1', '0b3b5902-bc9d-4245-a36f-bf0b80b418e1', '{"outros": 0, "pedagio": 0, "reserva": 0, "revisao": 350, "passeios": 0, "hospedagem": 0, "alimentacao": 0, "combustivel": 241.1}', '{}', '{"price": 6.3, "autonomy": 26, "distance": 995}', true, '2026-07-02 18:33:59.093739+00', '2026-07-02 18:33:59.093739+00'),
	('dfa5ff55-b2fa-4bee-b9dc-fec6ce9f8625', 'a82753fa-9d15-4394-b738-dd68ee63fbea', '0b3b5902-bc9d-4245-a36f-bf0b80b418e1', '{"outros": 0, "pedagio": 0, "reserva": 0, "revisao": 0, "passeios": 0, "hospedagem": 0, "alimentacao": 180, "combustivel": 36.35}', '{}', '{"price": 6.3, "autonomy": 26, "distance": 150}', true, '2026-07-03 13:10:19.761947+00', '2026-07-03 13:10:19.761947+00');


--
-- Data for Name: user_roles; Type: TABLE DATA; Schema: public; Owner: postgres
--

INSERT INTO "public"."user_roles" ("id", "user_id", "role", "created_at") VALUES
	('62361f3b-0032-483c-a083-099ddbf8d761', '0b3b5902-bc9d-4245-a36f-bf0b80b418e1', 'admin', '2026-06-24 15:41:58.516912+00'),
	('d3e4bda4-e61e-47ba-a9d5-aa6d5a225e25', '41cf18bd-a62d-49d5-b042-eb22b8401523', 'member', '2026-06-30 13:21:20.064312+00'),
	('c18b0c2a-0bea-421b-815c-e68b8660c202', '91291c73-587a-4d9e-a4fc-563a6c5fb255', 'admin', '2026-07-01 16:36:27.072593+00'),
	('2052e563-ba32-449b-87a0-fe0c6d30ae3c', '6e400277-94ad-49bd-8e89-02299f919b06', 'admin', '2026-07-04 19:24:03.469256+00'),
	('f08a22c5-b315-4ffe-b21d-69e6580f304e', '0950e079-e1de-422c-8158-6015a6bd3b16', 'admin', '2026-07-04 20:32:28.075907+00');


--
-- Data for Name: buckets; Type: TABLE DATA; Schema: storage; Owner: supabase_storage_admin
--



--
-- Data for Name: buckets_analytics; Type: TABLE DATA; Schema: storage; Owner: supabase_storage_admin
--



--
-- Data for Name: buckets_vectors; Type: TABLE DATA; Schema: storage; Owner: supabase_storage_admin
--



--
-- Data for Name: iceberg_namespaces; Type: TABLE DATA; Schema: storage; Owner: supabase_storage_admin
--



--
-- Data for Name: iceberg_tables; Type: TABLE DATA; Schema: storage; Owner: supabase_storage_admin
--



--
-- Data for Name: objects; Type: TABLE DATA; Schema: storage; Owner: supabase_storage_admin
--



--
-- Data for Name: s3_multipart_uploads; Type: TABLE DATA; Schema: storage; Owner: supabase_storage_admin
--



--
-- Data for Name: s3_multipart_uploads_parts; Type: TABLE DATA; Schema: storage; Owner: supabase_storage_admin
--



--
-- Data for Name: vector_indexes; Type: TABLE DATA; Schema: storage; Owner: supabase_storage_admin
--



--
-- Data for Name: hooks; Type: TABLE DATA; Schema: supabase_functions; Owner: supabase_functions_admin
--

INSERT INTO "supabase_functions"."hooks" ("id", "hook_table_id", "hook_name", "created_at", "request_id") VALUES
	(1, 18003, 'route_webhook_trigger', '2026-07-02 13:23:44.409225+00', 1),
	(2, 18003, 'route_webhook_trigger', '2026-07-02 13:27:01.360143+00', 2),
	(3, 18003, 'route_webhook_trigger', '2026-07-02 13:31:14.211532+00', 3),
	(4, 18003, 'route_webhook_trigger', '2026-07-02 13:37:26.576087+00', 4),
	(5, 19485, 'n8n_webhook_photos', '2026-07-02 15:21:25.360171+00', 5),
	(6, 19485, 'n8n_webhook_photos', '2026-07-02 17:12:57.63944+00', 6),
	(7, 19485, 'n8n_webhook_photos', '2026-07-02 17:19:21.99039+00', 7),
	(8, 19485, 'n8n_webhook_photos', '2026-07-02 17:23:34.324889+00', 8),
	(9, 18003, 'n8n_webhook_routes', '2026-07-02 17:24:57.282891+00', 9),
	(10, 18003, 'route_webhook_trigger', '2026-07-02 17:24:57.282891+00', 10),
	(11, 19382, 'n8n_webhook_polls', '2026-07-02 17:26:27.875675+00', 11),
	(12, 17825, 'n8n_webhook_profiles', '2026-07-02 17:28:26.270195+00', 12),
	(13, 18003, 'n8n_webhook_routes', '2026-07-02 17:53:01.417378+00', 13),
	(14, 18003, 'route_webhook_trigger', '2026-07-02 17:53:01.417378+00', 14),
	(15, 17825, 'n8n_webhook_profiles', '2026-07-02 20:00:35.6806+00', 15),
	(16, 17825, 'n8n_webhook_profiles', '2026-07-03 14:50:29.663222+00', 16),
	(17, 17825, 'n8n_webhook_profiles', '2026-07-04 19:21:00.685225+00', 17),
	(18, 17825, 'n8n_webhook_profiles', '2026-07-04 20:19:41.914983+00', 18);


--
-- Name: refresh_tokens_id_seq; Type: SEQUENCE SET; Schema: auth; Owner: supabase_auth_admin
--

SELECT pg_catalog.setval('"auth"."refresh_tokens_id_seq"', 217, true);


--
-- Name: hooks_id_seq; Type: SEQUENCE SET; Schema: supabase_functions; Owner: supabase_functions_admin
--

SELECT pg_catalog.setval('"supabase_functions"."hooks_id_seq"', 18, true);


--
-- PostgreSQL database dump complete
--

-- \unrestrict kSD3aLC2KfNy2uX0jOgHTvcnTT8A3HHnBhvr2epjoYryjqOR65AuOSbsFfHNrR5

RESET ALL;
